264.28,272.95,262.67,268.34,26669.896977,7102354.90704,266.306049595
260.99,266.01,259.82,263.34,15318.7854657,4016093.75247,262.167895847
270.04,271.17,260,262,9375.15268132,2481165.71161,264.653365759
263.09,273,260.8,268.1,23773.7352711,6385393.16303,268.59023583
254.49,267,253.69,261.5,31219.3191275,8147329.60964,260.970765454
252.47,256.5,250.3,254.43,21670.019095,5521442.5305,254.796385102
249.97,255.93,248.06,253.82,26400.0026001,6616194.25243,250.61339397
245.81,250.89,242.82,248.99,25377.6400582,6250030.48005,246.280996409
248.05,248.47,245.01,245.78,9663.89811332,2385859.45449,246.883755035
245.71,248.46,244.53,247.21,11721.7819472,2892446.14747,246.758228442
244.49,246.43,243,245.76,17031.3628576,4170307.09386,244.860445329
243.29,244.95,242.16,244.03,13785.1499945,3356401.94513,243.479537507
243.47,244.76,242.06,243.76,13423.3617759,3271384.32787,243.708273866
246.79,247.65,242.3,243.57,22447.4899649,5502335.7873,245.120313937
240.85,248.19,239.52,246.09,26130.9884778,6349021.82935,242.96906467
238.6,240.35,236.1,240.35,18939.3847881,4509281.9874,238.090203978
239.06,239.98,237.75,238.4,14778.3939604,3531037.38613,238.93241685
237.77,239.86,236.3,239.66,17714.9566053,4221437.22218,238.297914933
238,239.06,235,237.51,16557.8454719,3932832.75252,237.520803005
235.87,239.44,235.01,238.02,19647.9482047,4658641.43579,237.105746985
236.78,238.27,234.67,236.84,20489.2793644,4842172.95739,236.327148031
239.14,240.56,235.09,237.23,19166.1520746,4554722.71206,237.644087052
232.4,239.68,231.69,238.85,16549.7944715,3927363.8573,237.305899119
233.81,234.61,231.16,232.02,17144.9234686,3987253.24273,232.561740509
235.14,235.67,233,234.61,14812.1681698,3471105.19955,234.341465729
233.88,237.25,232.56,234.39,22325.9189541,5250872.18958,235.191760768
229.42,235.52,228.89,233.73,23287.7425473,5395338.43165,231.681470228
230.08,231.5,228,229.03,13137.8560962,3023240.26401,230.11671325
226.15,231.96,223.12,229.52,18835.918688,4298521.48489,228.20875138
230.1,230.15,225,226.04,13151.6260001,2987012.15975,227.121130096
230,231.7,229.01,229.6,12834.4399772,2957272.32719,230.416935405
233.24,233.76,229.98,230.5,10844.7717986,2512726.3858,231.699332403
232.2,234.4,230.83,232.88,17749.7632759,4136816.13425,233.063172164
228.34,235,227,232.6,14491.2794657,3344129.27578,230.768393066
229.99,230.5,223,227.99,17989.3228517,4094787.00237,227.623187161
229.84,231.21,226.5,229.14,16713.9355241,3842271.38261,229.884300862
229.66,232.92,223.99,230.91,15868.4401924,3642309.06631,229.531637776
234.79,236.09,228,228.99,15835.5048029,3671186.28466,231.83260214
239.92,240,233.02,235.83,16443.2735296,3907043.68943,237.607413292
238.57,240.94,237.5,239.95,13297.2475631,3187361.40066,239.700839255
238.35,241.65,234.78,238.87,20443.5893349,4889132.78936,239.152367486
244.04,244.22,237.01,238.48,22721.3472907,5453002.7418,239.994691865
240.07,246.24,239.98,243.99,23865.725064,5815923.86783,243.693575294
240.28,242.91,238.44,241.32,22600.8883615,5434463.62001,240.453540281
235.39,244.2,235.02,241.24,25361.6639824,6097324.87904,240.415017062
230.72,237.22,229.23,235.74,19515.2470684,4553999.81484,233.355990774
227.24,231.4,226.33,230.77,20608.4273416,4726099.56946,229.328492229
228.95,229.96,226.5,226.97,19395.1679242,4416515.99667,227.712181401
227.97,230.77,226,229.44,21168.6697696,4840185.53907,228.648544842
230.25,231.67,226.17,227.25,23516.7965522,5367067.24285,228.22271864
229.04,232.49,224.39,230.01,15473.8928431,3541019.13943,228.838287516
230.41,232.75,225.04,226.97,15321.1841013,3495369.4434,228.139641185
231.76,233.9,226.67,228.73,14130.8330762,3254753.60284,230.329916523
225.09,235.93,220.29,233.25,22161.2753069,5070064.88977,228.780375658
225.8,228.89,223.17,227.05,13208.379613,2989396.17802,226.325731513
222.38,231.09,219.77,226.09,23056.054364,5220396.23387,226.421925948
209.76,228.04,198.12,221.71,39909.5137034,8558070.30281,214.436847475
228.35,228.99,207.73,210.4,34136.5297048,7438989.79906,217.918747553
231,234.03,225.85,228.01,12392.3444204,2845790.4879,229.641009913
233.5,235.2,223.01,230.28,15623.230706,3579632.35251,229.122415196
235.15,236.66,231.77,233.36,8979.40333271,2099942.72658,233.862167537
226.4,236.66,226.4,235.71,14752.1803657,3441287.65934,233.273155156
224,237.66,222.01,225.47,23303.9015817,5393981.10082,231.462576424
256.66,256.99,247,251.88,10223.2472383,2590352.98293,253.378689036
256.11,259.12,254.63,256.21,8340.61023198,2143445.73656,256.98907837
261.46,262.2,254.01,256.99,9366.50109339,2412291.06529,257.544523962
265.57,266.5,262.43,262.43,4476.26627102,1186552.91011,265.07648077
264.74,266.99,262,266.26,7926.85201786,2098948.6831,264.78968932
267.53,267.88,262.32,264.99,10450.5393447,2770544.76943,265.110218531
271.15,271.16,265.71,269.63,8657.11264967,2320727.52148,268.0717712
264.11,268.99,264.07,268.86,7458.67994795,1982811.82353,265.839510123
265.05,266.79,261.6,264.19,9133.16725278,2413813.89865,264.290999151
262.19,268.95,261.01,264.56,8433.12246393,2227299.97952,264.113320902
279.94,279.97,266.8,266.94,8655.06637547,2352190.42525,271.770350822
277.48,280.43,274.19,279.54,8434.08020294,2339282.39777,277.360701046
281.13,281.65,276.8,277.61,6561.04153783,1829778.77751,278.885412775
284.91,285.86,280.63,281.99,6253.71398898,1767115.01784,282.570488665
280.43,285.88,280.43,285,6206.11834372,1760746.60178,283.711412555
282.53,285.8,279.52,280.43,6310.6073655,1786928.27498,283.162645287
280.19,282.9,276.57,282.32,4530.17731374,1265880.68232,279.432921639
284.69,285.16,276.66,280.19,7104.06661942,1992192.81419,280.429917245
288.29,289,281.8,284.33,7902.76753725,2245587.52777,284.152041318
289.85,290.08,284.53,288.01,8108.62119163,2333060.21761,287.725886124
294.01,294.57,287.27,289.85,10236.162522,2975568.87356,290.691835653
294.03,297,292.19,294.01,8799.04307675,2592630.36796,294.649127791
292.85,297.44,286.43,294.29,14650.7328705,4276819.04262,291.918437147
288.97,294,287.41,293.19,5298.46650719,1545190.05202,291.629672457
289,292,286.5,288.78,7545.88543693,2181492.66578,289.096976625
276.61,290.53,275.9,289.01,15854.0965581,4513273.28038,284.675526217
277.5,278.55,275.79,276.61,6439.61293326,1784595.61205,277.127776241
276.49,277.97,275,277.68,8318.46305673,2300120.88279,276.507915837
278.95,281.07,276.28,276.76,9000.55491406,2511729.8846,279.063892014
275.08,279.35,274.62,278.96,8818.52863456,2446038.23309,277.374869942
276.74,278.1,275.01,275.47,5289.04082007,1460235.90879,276.08709376
279.15,283,276.73,276.79,9362.07781804,2609994.79447,278.783710753
277.74,280.73,272.31,279.43,11477.0554246,3175870.23335,276.714724803
285.67,292.4,274.92,277.89,21103.3415864,5937851.72962,281.370213589
287.49,293.7,284.29,285.67,9798.37507573,2842900.80684,290.140026776
292.54,297.13,286.02,287.55,10361.0795834,3016087.55312,291.097807796
310.55,310.73,281,292.68,29775.9790719,8680289.61299,291.519872177
291.65,317.99,291.65,310.55,22497.4677068,6901059.79474,306.74829206
284.63,298.05,283.88,291.64,11693.2243539,3420769.32036,292.542862159
268.98,294.71,268.63,285.23,29151.3133528,8292731.39905,284.471965249
270.41,271.98,265.92,268.92,13906.6444512,3744064.7316,269.228478856
265.67,273.24,263.01,270.63,16042.2682899,4305219.36071,268.367246009
268.53,271.69,264.01,265.51,13755.6299759,3670683.41294,266.849531383
271.39,278.54,267.13,268.51,20027.861468,5473288.27375,273.283709421
260.16,274.74,258.75,271.5,21362.6136498,5689203.05742,266.315870833
256.06,261.28,254.05,260.2,7909.85672863,2037201.25208,257.552231598
254.49,256.44,252.4,255.92,9153.85256545,2331332.00288,254.683149659
257.62,260.77,253.19,254.54,9826.99478118,2515778.507,256.006903741
262.58,265.25,253.81,257.62,13395.1534389,3453025.86093,257.781732525
256.04,268,255,262.5,19902.4438442,5222157.27434,262.387740682
248.63,256.94,248.3,256.04,15393.104327,3906641.80827,253.791680046
251.28,251.28,247.04,248.62,6104.31220293,1521893.44839,249.31448422
242.98,252,242.36,251.21,7101.10270435,1756891.08889,247.411023617
242.08,243.44,240,242.98,5271.85106551,1274423.22735,241.741128782
240.19,242.9,239.18,241.98,5002.93130218,1207599.94089,241.378477526
243.85,243.99,238.2,240.19,6723.31332443,1621933.95661,241.240275196
245.99,247.25,242.14,243.74,4953.90339619,1210524.76582,244.357765787
243.6,247.99,242.64,246,5149.76385851,1263921.54439,245.43291287
244.65,245,241.06,243.64,1946.29303002,473260.914123,243.160154624
243.75,245.56,239.93,244.76,4434.68706015,1075370.58665,242.490748967
248.45,249.93,242.14,243.7,6783.07499263,1670444.75265,246.266590664
247.76,251.58,240,248.4,11145.1298058,2746848.95891,246.461818461
250.02,257.39,243.2,247.76,16951.1413143,4243214.10085,250.320259986
236,252.05,234.35,250.09,17954.5938124,4361600.09434,242.923907937
232.08,237.09,231.55,235.92,10505.5846552,2463163.91514,234.462335605
231.64,234,230.94,232.09,3586.28113849,832952.913743,232.260908049
229.3,232.04,228.06,231.64,4009.80463805,924578.604909,230.57946418
229.14,230.7,228.29,229.4,5887.14828702,1352496.72014,229.737158671
227.88,229.57,227.25,229.03,4727.31485975,1081972.65949,228.876791918
228.7,229.75,226.83,227.8,6284.74068336,1434862.91434,228.309008538
228.05,230.79,226.67,228.7,9129.70788714,2092426.02819,229.188716009
222.65,229.4,222.31,228.17,8986.86692341,2030845.80635,225.979289963
224.95,225.48,221.86,222.7,3324.38263427,744455.841389,223.938073107
224.4,225.26,223.07,224.99,2772.3311628,622174.419298,224.422835066
222.99,225.9,219.03,224.4,8396.71286165,1874523.31159,223.244898626
224.8,225.98,222,222.99,4822.40910993,1082749.63902,224.524633713
225.17,226.99,222.57,224.27,5815.57316073,1308939.39408,225.074873604
223.5,226.38,221.34,225.18,7744.87861592,1732996.26875,223.760287887
228.91,231.2,220.65,223.51,12184.9625438,2745533.83399,225.321483273
232.11,232.51,228,228.91,4372.2083097,1009782.3688,230.95477097
236.03,236.03,231,232.11,4245.94446818,989461.15815,233.036763803
236.46,236.52,234,236.03,6165.89141257,1451969.30841,235.48408677
235.32,236.8,234.87,236.46,5005.98078357,1181332.15851,235.984157667
235.71,237.35,234,235.17,8572.87348853,2020077.91171,235.636034337
235.72,237.96,234,235.71,8590.07576695,2027436.07657,236.020744354
239.69,240.1,233.1,235.59,5625.08705698,1329127.7939,236.285728637
237.87,241.64,237.66,239.22,2921.54797112,700689.784458,239.83511186
238.8,240.67,237.4,237.76,3216.27981892,769659.697753,239.301224112
235,240.9,232.92,238.99,10451.7994845,2474671.24431,236.769873741
234.4,236.52,233.75,235,4609.28122677,1084562.78025,235.299762999
231.4,234.86,231,234.43,7823.35662916,1827504.31741,233.595936378
233.03,234.24,230.86,231.4,5568.27679815,1295513.42228,232.6596664
235.69,236.94,231.44,232.87,7443.21982028,1749933.80723,235.104410388
235.43,237,234.15,235.97,2645.16140795,624187.820959,235.973434015
237.39,237.4,234,235.66,3116.78947332,735534.149172,235.990962966
237.12,239.28,235.12,237.37,4536.92896144,1076186.76958,237.205999637
235.97,239.7,232.22,237.13,7530.5008083,1782947.51224,236.763471332
241.03,244.14,235.06,235.97,9332.46630536,2246344.49481,240.702127531
241.3,242,237.54,241.03,8418.71568249,2022709.59332,240.263440364
239.13,244.51,237.99,241.3,9690.63948632,2333507.17468,240.800122425
241.83,244.99,238.02,239.13,3520.24220877,847791.565913,240.833305106
243.22,247.01,238.62,241.96,5499.60615915,1331707.23636,242.145927876
236.92,246.57,235.29,243.2,9486.75496765,2289574.77159,241.344356358
228.34,240,227.35,236.87,11062.6491201,2580889.82639,233.297630465
235.18,235.94,227.01,228.49,8623.82721204,2008359.39636,232.884929971
238.22,238.78,229.66,235.12,8621.54731857,2014039.52955,233.605344276
239.73,242.2,236.07,238.34,7504.68875392,1790508.83079,238.585355036
233.83,242.25,232.31,239,4407.81416718,1053978.38668,239.115885267
231.05,234.9,229.87,233.83,4350.05906771,1011094.6847,232.432403551
236.47,239.23,230.51,231,6687.12335919,1569832.92734,234.75459372
225.5,240,224.6,236.2,12490.2023598,2913475.41001,233.260865282
225.18,226.99,221.81,225.48,8668.36064954,1948799.37637,224.817523769
227.17,227.56,221.45,225.16,9345.78320741,2100833.72695,224.789477813
219.52,229.93,217.52,227.23,13816.4914805,3078036.48504,222.779892376
226.12,227.26,214.98,219.52,11238.3562881,2465554.22027,219.387440393
231.04,232.29,225.7,226.12,5286.09859352,1206594.83502,228.258102582
235.61,236,228,230.24,8543.66710734,1975149.01399,231.182815198
233.25,236.22,232.01,235.98,8352.85732174,1958492.8358,234.469806003
235.71,238.64,229.1,233.45,10710.5002402,2519188.9279,235.207401279
224.3,236,223.91,235.74,9923.67825035,2272979.66723,229.04608653
222.54,226.51,221.43,224.3,5966.8612393,1338160.67834,224.265426105
223.35,227.35,221.91,222.54,5901.49567575,1326434.66738,224.762456885
222.6,224.72,220.32,223.4,4620.31557899,1028922.57173,222.695301683
227.36,228.29,220,222.6,7928.39539992,1772380.4767,223.548446729
222.83,229.67,222.44,227.5,10834.8732868,2456157.8254,226.690036919
215.78,222.88,214.05,222.88,9949.32442139,2188510.27601,219.965716597
222.97,224.79,210,215.8,18582.1895753,4046514.40481,217.763056846
236.42,236.9,219.64,223.15,13924.2267056,3188473.50037,228.987473975
236.09,237.5,233.42,236.5,3173.32765095,749346.731159,236.139098632
235.99,239.42,233,236.15,4108.50400057,970132.100324,236.127821755
243.75,243.94,231,235.99,11549.6306565,2728444.28803,236.236497008
244.84,246.3,238.47,243.43,7943.71054055,1932557.63942,243.281477787
253.71,254.96,243.06,244.58,11663.6561551,2878711.71831,246.810406619
255.54,256.62,251.5,253.72,6010.26758151,1528033.96067,254.237259814
260.57,262.98,254,255.58,5960.67763299,1535495.47311,257.604179869
253.6,261,251.65,260.54,5759.36016001,1479483.35865,256.883285217
254.19,255.85,250.76,253.7,2769.28165782,700284.507629,252.875869687
253.22,256.67,251.23,254.19,5048.57737559,1283171.17403,254.164902025
246.68,256.96,244.52,253.28,9806.82220308,2453663.5292,250.199654729
243.93,246.83,239.32,246.69,6226.01646439,1513600.94915,243.109050194
247.95,248.59,238.55,244.24,8114.08955665,1977179.96429,243.672435519
242.41,248.86,236.52,247.95,7951.74713786,1947589.0799,244.925932142
252.91,252.96,239.96,242,6690.22838851,1632793.76689,244.056506306
247.93,253.83,247.25,252.87,5685.6395593,1428455.71168,251.239231186
249.23,250.52,245.12,247.94,6089.84638076,1509888.94521,247.935473377
246.99,253.75,244.91,249.23,8385.93723302,2101550.47546,250.604126535
245.29,250,236.4,246.94,12881.632767,3137193.3752,243.540041231
265.98,266.52,241.84,245,19052.7297078,4762656.86331,249.97241531
268.28,270.07,259.5,265.94,8658.47290411,2302945.49323,265.975942725
260,272,259.24,267.74,5976.83852547,1583898.50776,265.006073196
261.92,262.49,256.25,260,4623.89487205,1199545.59147,259.423197253
261.97,265.27,257,261.96,5678.38004156,1481038.5107,260.82060374
256.59,265.95,249,261.81,15017.7417187,3882043.19314,258.49713398
282.8,284,249.02,256.45,21654.6820714,5786009.62505,267.194392695
289.27,292.99,281.9,282.8,6447.41955337,1857832.0724,288.151260674
286.79,294.26,285.78,289.27,6499.91827306,1890019.15363,290.775833515
282.36,287.75,281.42,286.75,2430.04567943,693038.730062,285.195762338
283.25,287.69,280.46,282.01,5375.79972728,1526532.93541,283.963877535
295.66,295.66,282.99,283.25,9610.54940209,2778237.51789,289.082070301
296.29,297.95,289,295.31,7880.67396576,2320925.64643,294.50852256
290,296.79,285.83,296.54,6737.50300267,1968122.22007,292.114485039
287.12,296.8,283.96,290,13129.060902,3822987.80302,291.185167893
275,289,274.17,287.12,11996.3187853,3393640.01957,282.89011657
276.71,277.57,271.12,275,4430.69079482,1216001.24624,274.449584174
272.61,279.48,270,276.71,5716.65477613,1571766.97581,274.945232371
273.46,276.46,269,272.68,6853.27991548,1868631.26252,272.662328924
270.72,280.5,262.2,273.09,11428.3384566,3088968.38092,270.290243211
281.03,283.88,264.94,270.78,14313.166893,3941761.01548,275.394051151
275.95,284.95,265.89,281,20977.3208767,5763892.94655,274.767830479
257.95,277,255.61,274.93,18015.2597941,4790016.83455,265.886636623
253.45,260.25,245,258.34,9678.17855999,2449261.44381,253.070495509
252.29,254.56,245.2,253.47,5626.62832387,1412930.80272,251.115005541
236.83,256.15,236.16,252.78,22012.0033707,5507409.53415,250.200285789
237.99,238.55,234.01,236.84,5492.00801445,1298613.31274,236.455101544
239.53,240.98,236,237.97,3810.53504108,907834.231337,238.243244466
239.63,240.97,236.07,239.55,5144.11355689,1229421.64863,238.995822124
236.46,241,232.05,239.65,6327.72647507,1496364.76943,236.477473437
245.84,247.42,232.48,236.5,7751.74971592,1843120.11794,237.768269809
245,247.8,244,245.41,2982.21200485,732440.425557,245.603070595
240.61,249.32,239.41,245.48,9342.68925514,2290057.56292,245.117599482
237.37,245.01,235.59,240.59,8704.33972786,2090012.91753,240.111597534
244.6,247,232.01,237.37,12821.9116191,3064757.58088,239.025012177
234.69,248.78,232.01,244.7,13121.5411289,3166380.86336,241.311659374
235.61,241.23,229.2,234.7,12394.8294063,2925051.28849,235.989636696
256.81,267.92,227.75,235.63,29173.2709924,7227263.01218,247.735778894
237,259.31,236.9,256.99,19824.7530547,4942602.43037,249.314703529
223.02,242.35,221.37,237,21412.4590243,5014286.35364,234.17610971
219.57,223.09,218.01,223,6964.60636718,1540080.48397,221.12958045
220.42,223.43,217.99,219.55,10676.2930765,2361490.24513,221.190091749
220.91,222,215,220.42,6882.64684416,1504640.63791,218.613663025
223.92,225.99,215,220.9,19473.9566475,4275773.10618,219.563655377
228.78,232.89,217.28,223.88,13775.0094947,3096894.55262,224.819776263
223.44,231.14,221.77,228.3,9663.67430958,2194651.3564,227.103199683
216.46,225.86,210.59,223.37,10951.787094,2404228.18448,219.528389645
226.93,229,210.43,216.81,12982.7859578,2852443.59382,219.709668101
227.94,231,220.02,227,14983.4639827,3372160.11679,225.058779511
238.38,244.39,223.79,227.99,17499.5332405,4116764.15076,235.249940337
226.93,241.98,221.79,238.47,15612.7948996,3578794.01226,229.221868043
218.04,233,208.48,226.93,18408.2526214,4078716.73555,221.570010986
228.96,234.8,215.75,216.9,19208.2790529,4374363.51112,227.733234147
235.12,244.98,225.52,228.98,20614.8369436,4831205.30385,234.355736942
236.07,242.18,220,235.79,26012.1694109,6035005.43064,232.00700162
263.97,266.45,225.91,236.07,28092.3347326,6890538.54067,245.28180396
274.76,278.51,243.1,263.98,21159.8262763,5464232.27758,258.236159704
254.67,309.9,254.67,274.8,55829.6135942,15755918.6845,282.214360269
249.33,257,241.33,255.31,28760.9284279,7179902.22158,249.640836164
233.42,249.99,230.03,249.19,13793.7764793,3338886.07402,242.057429234
234.08,240,225.55,233.64,15268.2684862,3544720.28079,232.162558838
227.75,239,226.01,234.08,25405.3296132,5911624.89606,232.692312442
211.94,228.9,205,227.16,23160.6569107,5023355.43193,216.891751011
216.01,216.81,201.98,210.65,14129.2401857,2974516.45879,210.52203938
211.8,220.94,207.7,216.34,13037.3991094,2781606.65696,213.355948806
199.69,222,195.02,211.85,18205.1803619,3818886.27733,209.769208621
208.02,212.84,192.17,199.69,19121.8894794,3838117.35154,200.718519771
210.69,223.15,198.04,208.03,34723.3483525,7316818.68209,210.717543936
172,233.9,168.5,210.98,83488.4161853,17311108.4236,207.347428716
227.01,230.89,152.4,171.41,124188.885083,23576265.1934,189.841990913
267.1,268.15,216,227,60556.1627166,14289366.8063,235.968829022
266.34,272.43,263.54,267.42,10478.2502136,2823903.11065,269.501400814
275.6,280.94,262.08,266.39,12758.9490442,3480736.97954,272.807499073
293.89,295,271.03,275.59,29448.7778452,8367179.25568,284.12653658
272.45,305,272.45,293.97,9914.24959431,2898085.3911,292.315153409
0,0,0,0,0,0,0
0,0,0,0,0,0,0
0,0,0,0,0,0,0
264.55,280,264.07,276.8,9528.27100203,2596897.87088,272.546600566
280,289.39,255,264,41441.2785529,11266762.6314,271.872949504
315.42,316.58,280,282,21752.7191463,6475951.8703,297.707694691
313.82,317.01,311.96,315.42,3468.28137523,1092445.6807,314.981849079
321,321,312.6,313.81,3087.43655395,974509.578236,315.637118758
311.1,321,310.69,321,6338.20111979,2002286.38887,315.907676488
313.36,316.77,310,311.07,8885.65978227,2777323.38552,312.562426829
317.64,320.14,310.26,313.01,6929.62620397,2179989.77272,314.58980738
316.48,319.56,311.22,317.64,4121.07585359,1299017.97659,315.213313887
329.31,329.31,311.63,316.47,8687.53555717,2761873.30894,317.912173223
319.85,332,316.64,328.27,6406.26442873,2086629.68725,325.717071231
323.03,323.72,316.63,319.86,3888.24814964,1242750.8714,319.617170399
336.9,336.9,320.92,323.06,5884.87599768,1936038.27985,328.985399286
332.52,338.99,327.49,336.92,7679.77400906,2563296.10119,333.772334728
320.88,333.99,319.9,331.56,11812.7664262,3877621.71857,328.256868769
331.77,332.31,318.78,320.01,6358.0824846,2062985.82488,324.466665835
318.58,333,316.52,331.79,11378.8885085,3695215.83026,324.743126493
312.65,320,307.11,318.33,15995.6189138,5011565.2899,313.308620124
321.96,325.61,304.99,312.67,21603.6127854,6776835.32501,313.689908828
329.05,335.99,315.23,322,22891.9936417,7391844.78026,322.900875125
348.85,349.35,327.34,329.05,18183.3719245,6139498.8737,337.643584435
357.3,357.3,346.21,349,8092.84138056,2839870.56186,350.911432502
351.67,359.3,347.44,356.52,6538.8930965,2314586.5048,353.972219861
353.33,354.41,347.03,351.67,3845.24282719,1346557.25798,350.187834291
348.88,358.59,348,352.24,8079.63021756,2860769.86053,354.071879963
345.22,364.43,339.8,348.9,16159.7471464,5712842.58046,353.523017948
352.02,353.74,345,345.21,6964.18847778,2437132.71574,349.952147836
362.74,364.59,343.97,352.03,19034.121807,6685314.68418,351.227902815
376.03,377.26,359.01,361.3,12336.7292673,4528582.66644,367.081303992
375.05,377.5,373.16,377.26,2490.66834657,936741.114263,376.10030077
376,376.99,371.31,374.38,2386.1287834,894008.225814,374.668891316
369.89,377.89,365.61,376,8600.51463149,3203112.91822,372.432703793
376.61,378.99,360,369.16,12332.8733071,4546438.85034,368.64392726
379.52,383,374.01,375.33,8457.23114708,3204081.61339,378.857046434
376.53,382.86,375.23,379.52,6550.77898256,2487514.39707,379.728029855
376.09,382.31,373.03,376.53,6937.82496739,2625160.47749,378.38378596
375.48,381.99,373.32,377.01,3085.29878738,1160359.58724,376.093100604
376,386.6,372.25,375.49,7252.09196527,2748569.58156,379.003685382
369.98,381.34,358,376.86,13791.8672423,5100953.84194,369.852301529
368.5,375.33,366.37,369.98,6218.38973362,2307892.37887,371.139873462
377.05,379.22,363.38,368.5,13021.2940459,4825575.61152,370.591094443
375.99,395.11,374.31,377.37,16156.6952115,6195698.41521,383.475601545
367.17,389.99,366.67,375.99,19079.6767332,7206180.91499,377.688836964
354.29,373.5,353.01,367.17,7971.8468309,2896321.79549,363.318796375
351.19,365.93,350.7,353.12,6705.69768625,2407839.64072,359.07369425
356.47,358.49,342.05,351.2,15248.8865634,5360658.51198,351.544257982
379.04,381.8,351.8,356.47,16380.8947003,5954791.01528,363.520498984
374.87,386.39,371.7,379.03,8984.9812234,3409337.03345,379.44843163
388.72,394.64,371,374.88,15205.2559529,5772940.68508,379.667445452
389.86,415,375,387.69,24309.4391888,9628351.64284,396.074609869
376.97,395,375,389.86,9680.49225548,3730346.78523,385.346807453
399.97,407.22,369,376.99,14428.769071,5525789.75659,382.970281762
417.85,420.3,382.95,399.98,21657.7104349,8618642.11575,397.94797985
426.64,453.92,381.55,420.93,49884.511982,20957839.4839,420.12718279
370.09,434.8,369.85,426.63,44040.4020956,17871040.728,405.787410595
366.43,371.52,360.28,370.65,7702.42181852,2822907.46042,366.496087455
365.37,377.77,357.3,366.43,19273.0745997,7115956.1887,369.217487945
346.19,366.35,343.4,364.77,10537.1594789,3748470.5459,355.738237939
342.16,347.75,340.6,345.39,3771.0324892,1296519.13654,343.810121036
349.99,352.15,340.4,342.16,7243.12542476,2499064.57612,345.025721572
338.37,353.1,336.27,349.99,14288.7966531,4939529.95993,345.692508604
329.96,344.17,328.8,338.38,15373.3998919,5203136.77313,338.450623137
326.45,332.9,320,330.22,13703.0779689,4480851.92026,326.996017276
324.23,333.99,322.74,325.5,11276.2724803,3708999.24526,328.920682942
324.55,329,318.24,324.36,8335.4168615,2697712.83585,323.644621579
337.99,339.47,316.61,324.7,14970.5578556,4891060.6171,326.711981228
346.14,347.96,335.5,337.99,7525.75724528,2571089.05329,341.638584596
336.37,352.83,332.99,346.14,14119.7651868,4823949.01003,341.645129802
355.71,355.99,333.33,335.7,13256.2544812,4558124.57819,343.847093811
351.03,359.5,350.09,356.96,7003.9364508,2485148.15472,354.821630975
355.19,358.65,349.21,350,9540.67167766,3372977.30537,353.536671141
348.69,363,344.5,355.18,7916.85437019,2808265.58602,354.71987417
358.78,359.1,341.22,348.69,11095.799139,3868670.42927,348.660820261
356.81,363.71,344.34,358.86,15639.5045172,5565360.67831,355.852749183
382.05,384.55,352.4,357.18,21058.4405654,7714260.50449,366.3262947
385.79,388.87,380,382.04,8315.65019597,3194707.82756,384.180160573
381,393.55,378.98,385.81,7953.32305008,3078104.38831,387.021169507
389.06,390.65,376.2,381.21,12081.7994248,4614453.83411,381.934318877
390.59,394.25,385,387.53,3242.37367978,1262682.95352,389.431656628
383.2,397.29,377,390.58,7074.8254279,2746148.30917,388.157748507
384.19,386,370.96,383.65,10507.8262873,3989422.00454,379.661967704
394.52,399,370.1,383.95,22776.5154209,8706162.33588,382.242945199
402.01,404.32,385.92,394.52,19147.6904204,7537826.81163,393.667677204
392.99,417.99,390.48,403.38,24822.1624571,10060958.3589,405.321590183
378.48,405,368.07,392.6,26083.7463561,10034403.0543,384.699456793
362.77,383.6,354.71,378.11,14250.4717115,5236990.63295,367.495949535
360.85,368.06,352.1,362,9973.2687058,3594481.70074,360.411596917
364.01,380.08,351.1,360.89,20543.2756374,7440721.95336,362.197445271
355.73,395.55,349,364.01,47817.2500477,17652425.7601,369.164386126
334.8,359,326.93,355.73,28614.8310651,9820002.28108,343.178761347
328.56,336.99,312.37,334.8,22961.890013,7504310.02767,326.815868529
322.82,347,295.89,328.59,69537.6621676,21937271.1084,315.473233131
326.24,339.43,275,323.52,61726.3716087,18876496.1126,305.809261434
358.71,365.07,322.04,326.21,28981.804066,9853710.27881,339.99644247
376.29,378.11,353.75,358.74,20408.975054,7433824.47784,364.242910689
384.85,385.82,372,374.68,10414.1971229,3931402.93681,377.50417919
389.56,393.79,377.01,384.86,13037.5984495,5010051.91507,384.277206762
374.17,397.75,371.8,391.09,14289.9592952,5491849.49053,384.3152648
375.35,386.03,365.2,374.2,20026.5071304,7549530.10573,376.976876525
399.16,403.99,368.9,375.35,16139.7649283,6202488.2202,384.298547579
405.08,408.99,396.57,401.77,5472.59979258,2200884.44993,402.164333835
410,414.35,396.53,403.57,9921.11699487,4017440.74003,404.938349392
423.57,423.9,400,408.76,15016.869054,6175837.42458,411.259990506
440.85,441.78,418.83,423.68,14141.1989252,6065026.30422,428.890530167
399.77,452.67,393.6,438.97,26999.29385,11528951.8407,427.0093842
400.77,409.38,396.26,400.07,10803.0175796,4343178.86187,402.033860434
410.92,413.53,390,399.55,14182.7156519,5699758.87949,401.880642564
395.86,431.11,390,408.76,19916.5249346,8244622.52767,413.958888649
426.62,429,378.78,395.86,29732.720362,11879961.7433,399.558519996
452.99,452.99,407.94,425,22063.8846917,9472956.01985,429.342164911
463.48,465.57,443.57,452.09,12477.774379,5662482.54435,453.80549226
469.47,473.69,462,462.02,5948.7590007,2784518.13829,468.083870596
475.47,479.62,467.76,469.47,6221.85047546,2950421.24837,474.203174764
477.99,481.58,473.59,475.49,3884.67652657,1854630.01777,477.421995136
473.08,480.13,467.43,477.98,5828.26364902,2778187.22854,476.674940572
477.43,478,462,474.62,6097.71157068,2866018.9507,470.015499665
477.78,480,465,475.9,7936.72859426,3760607.1448,473.823326594
473.34,492,473.32,476.57,11509.5944732,5550004.16872,482.206752082
468.32,476.4,459.18,473.2,9121.83125763,4264939.06505,467.552944644
477.4,478.39,456.3,468.33,14567.961579,6827728.8919,468.681143542
479.99,483,474.95,475.43,2858.65175279,1370027.76544,479.256616027
477.65,485,477.16,479.78,2770.79627418,1332763.99435,481.003965096
489.61,489.96,473.03,477.65,5212.43495157,2511864.72657,481.898527254
474.86,497,471.04,487.43,10793.6031862,5233389.19231,484.860254915
474.5,477.99,471,474.89,4742.88446091,2252298.52223,474.879483317
475.89,484.61,470.42,474.5,7333.51314038,3501415.21524,477.454004406
479.01,490,472.01,474.54,9091.87194074,4362828.50122,479.860311458
501.49,504.75,473.33,479.04,11289.8352373,5492151.20802,486.468676696
509.3,509.42,498.13,500.85,4403.40225745,2214785.40768,502.971402155
506.94,514.98,501.25,509.3,7246.60661668,3681889.82375,508.084682736
511.87,514.98,505.93,506,7119.02351699,3631916.40396,510.170586639
514.4,523.09,510,511.87,7791.96468822,4021494.0457,516.107837575
503.74,516,502.27,512.18,6716.16026767,3422247.4901,509.554172877
507.84,508.46,496.79,503.82,5773.91627729,2902768.56483,502.73824999
496.96,515.95,495.02,507.85,5765.3573197,2911002.82954,504.912821204
514.65,514.69,487,497,8432.27651658,4222668.93224,500.774485269
519.29,528,500.01,514.65,15393.0456717,7918280.89964,514.4063799
516.39,534.14,510,519.28,14187.297516,7396159.40619,521.322640752
491.98,527.01,466,516.39,19220.0765247,9590674.73852,498.992536589
474.74,493.98,453.01,491.98,17807.0568297,8544405.41223,479.832545825
498,510,442,475.22,28851.0339616,13562442.4259,470.085143014
523.47,524.8,485.39,496.86,10314.4924553,5174328.7052,501.656162686
502.48,529.8,485,521.97,12657.9230674,6409465.79955,506.359990138
507.99,521.79,481.55,500.25,16594.5866356,8310479.68157,500.794618392
549.85,551.86,497,507.99,25826.72212,13325281.4637,515.949387682
569.39,572,524.55,548.81,25509.0974299,13894654.1147,544.694070533
574.55,574.59,561.9,566.69,6463.80393643,3671990.52504,568.085072065
590.98,590.99,571,573.98,6086.60291397,3529093.65909,579.813355491
589.82,597,586,590.96,3211.09141939,1899217.59608,591.455473553
588.99,591.35,585.21,587.97,1626.62584577,955797.156915,587.594965001
585.84,595,584,588.02,4367.06223673,2577603.28862,590.2373607
581.16,591.9,579,585.84,4436.02538924,2597668.93751,585.584776817
581.75,586.36,576.44,581.16,7580.22972012,4409726.80995,581.740524069
588.5,589,578.25,581.76,6905.3529219,4019064.85026,582.021642588
588.96,595.7,581.8,588.5,5259.62783511,3093635.0187,588.185156001
589.6,591,578.21,588.91,2802.92118247,1636449.66003,583.837201795
597.84,599.09,584.95,589.59,3529.71854524,2088279.28825,591.627706709
583.54,607.2,581.77,598.2,11939.5949214,7112161.72636,595.678645144
563.83,590,555.9,582.04,9383.41349936,5410699.00484,576.623742011
585.93,586,557.12,563.84,10498.7420427,5994579.05233,570.980697301
589.88,591.95,578,585.95,4084.10767328,2380636.71247,582.902534144
