400.77,409.14,396.26,407.11,1831.93,738334.39,403.04
408.47,409.38,399.29,405,2342.82,945506.99,403.58
404.99,405.38,397.52,400.95,2907.63,1166554.82,401.21
400.95,404.99,398.02,400.07,3720.64,1492782.66,401.22
399.77,404,399.66,402.63,1206.6,485428.72,402.31
403.78,404,393.6,397.15,1888.6,751172.62,397.74
398.41,414,394,412.92,4787.04,1924965.71,402.12
412.92,452.67,412.92,438.97,19117.05,8367384.8,437.69
440.85,441.78,427.04,431,2683.57,1166275.19,434.6
431,433,418.83,426.4,5132.53,2179178.88,424.58
428.47,437.16,424.63,431.99,3526.77,1523494.56,431.98
431.96,432,422.36,423.68,2798.32,1196077.68,427.43
423.57,423.9,414.05,415.49,2988.25,1251222.04,418.71
415.49,415.52,400,408.03,6702.81,2739976.32,408.78
408.03,416.79,405.33,408.35,2671.96,1098340.37,411.06
408.98,413.8,406.48,408.76,2653.85,1086298.69,409.33
410,414.35,407.14,409.1,1652.41,679682.1,411.33
408.96,412.64,397.23,399.3,2878.2,1160626.71,403.25
399.3,408.55,396.53,404.4,3064.16,1232321.26,402.17
404.41,409.48,403,403.57,2326.35,944810.66,406.13
405.08,407.69,399.12,406.89,751.91,303115.68,403.13
406.95,408.99,403.03,405.95,800.08,324754,405.9
405.92,408.67,397.02,400.58,2142.52,861073.1,401.9
398.68,403.54,396.57,401.77,1778.1,711941.67,400.39
399.16,403.99,398.72,400.79,726.39,291951.66,401.92
400.79,401.41,397.57,398.33,584.66,233387.96,399.19
398.34,398.34,376.56,382.99,6848,2660416.71,388.5
382.89,385,368.9,375.35,7980.71,3016731.89,378
375.35,385.6,373.02,378.75,3361.36,1277058.77,379.92
380,384.95,365.2,378.89,4830.79,1811272.06,374.94
378.06,386.03,377.15,381.02,4382.47,1675916.24,382.41
382.99,385.99,366,374.2,7451.89,2785283.04,373.77
374.17,378,371.8,377.59,1405.95,527216.8,374.99
377.58,379.17,373.24,379.12,1678.53,631083.79,375.97
379.08,386.09,376.54,383.03,3730.9,1424102.32,381.7
383,397.75,382.22,391.09,7474.58,2909446.59,389.25
389.56,393.06,386.3,391.76,1490.78,580866.01,389.64
391.59,393.79,377.98,380,4322.11,1662032.15,384.54
380.34,387.13,377.01,385.71,4977.07,1902654.81,382.28
385.69,386.49,381.15,384.86,2247.64,864498.95,384.63
384.85,385.82,381.66,384.62,1128.39,433287.26,383.99
384,384.78,378.13,381.06,1815.98,690837.88,380.42
381.01,381.54,373,375.77,4018.19,1511408.19,376.14
375.77,378.85,372,374.68,3451.65,1295869.61,375.44
376.29,377.5,371.61,376.48,1227.99,459225.74,373.97
376.48,378.11,370.06,373.88,1592.39,595619.55,374.04
373.86,373.86,360,361.11,9032.78,3304372,365.82
363.97,368.74,353.75,358.74,8555.82,3074607.19,359.36
358.71,365.07,355.08,360.45,2263.3,817553.08,361.22
361.99,361.99,351,351.1,2651.67,938424.49,353.9
351.09,351.17,325.67,333,13969.08,4767523.72,341.29
333.06,342.15,322.04,326.21,10097.76,3330208.99,329.8
326.24,339.43,325.69,332.92,3517.25,1175345.24,334.17
334.12,334.9,301,311.26,11231.82,3519336.88,313.34
311,316.09,275,295.98,25198.2,7440392.54,295.27
295.41,335,292,323.52,21779.1,6741421.45,309.54
322.82,325.1,295.89,300,17347.26,5248938.91,302.58
300,332.35,298.32,323.94,29011.64,8963548.68,308.96
323.78,347,318.15,337.1,15838.66,5301321.15,334.71
337.1,337.1,320,328.59,7340.1,2423462.37,330.17
328.56,336.99,327.52,335.08,3115.87,1039648.83,333.66
335.88,335.98,312.37,322.3,8622.62,2777538.62,322.12
322.3,332.31,319.02,330.48,7130.78,2335589.07,327.54
331.49,335,325.79,334.8,4092.63,1351533.5,330.24
334.8,334.97,326.93,329.86,3096.77,1022803.66,330.28
329.89,346,328.6,337.7,8658.75,2937657.54,339.27
337.69,354.18,336.25,343.55,10793.47,3733489.31,345.9
343.55,359,342.43,355.73,6065.84,2126051.77,350.5
355.73,359.87,350.26,353.16,2994.34,1065803.08,355.94
353.97,373.8,352.58,373.05,11120.58,4046208.78,363.85
373.02,395.55,366.41,376.41,19647.92,7455792.87,379.47
376.41,380.94,349,364.01,14054.4,5084621.03,361.78
364.01,380.08,361.59,375.21,3464.54,1277529.65,368.74
375.2,375.21,361.05,363.98,5073.56,1860288.22,366.66
363.98,364.94,351.1,357.13,8998.3,3225923.04,358.5
357.22,362.64,352.31,360.89,3006.87,1076981.04,358.17
360.85,368.06,356.68,364.99,3316.7,1200474.8,361.95
364.43,365.33,352.1,354.29,1580.59,564084.71,356.88
354.29,362.23,352.21,358.91,2150.2,768062.74,357.21
359.44,366,358.25,362,2925.79,1061859.44,362.93
362.77,365.45,360.69,361.54,1016.1,368001.66,362.17
362,362,354.71,355.9,4528.71,1628744.13,359.65
355.92,365,355.92,364.13,1819.56,658963.71,362.15
364.13,383.6,364,378.11,6886.1,2581281.13,374.85
378.48,379.42,368.07,369.18,2959.35,1102944.6,372.7
370.28,385.01,368.07,380.38,5220.85,1977589.37,378.79
380.5,388,373.87,381.12,6169.37,2344763.95,380.07
381.98,405,378.97,392.6,11734.17,4609105.14,392.79
392.99,417.05,390.48,412.6,5802.63,2343699.87,403.9
412.71,417.99,398.1,407.8,6841.91,2779240.09,406.21
407.79,415,396.7,412.75,6130.4,2481010.1,404.71
412.01,414.88,396,403.38,6047.24,2457008.3,406.3
402.01,404.32,393.55,398.25,3450.14,1373298.11,398.04
398.21,403,386.68,396.81,7012.54,2753676.7,392.68
396.81,401.01,385.92,394.05,5792.54,2274432.6,392.65
394.81,397.35,389.87,394.52,2892.47,1136419.4,392.89
394.52,399,393,393.1,842.75,333656.52,395.91
393.32,396.79,376,383.89,6493.98,2508139.75,386.23
382.93,386.75,374,380.43,8113.25,3082755.95,379.97
379.98,394.13,370.1,383.95,7326.53,2781610.12,379.66
384.19,386,378,384.32,2783.22,1060590.61,381.07
385.26,385.26,372.61,374.59,1805.31,683387.31,378.54
374.59,384.17,370.96,382.06,3791.09,1431505.46,377.6
382.56,385,377.91,383.65,2128.2,813938.62,382.45
383.2,383.65,377,378.55,1095.89,414800.22,378.51
378.94,384.2,377.7,383.34,847.19,323620.42,381.99
383.63,395,383.58,388.77,3633.35,1419498.55,390.69
388.77,397.29,387.79,390.58,1498.39,588229.11,392.57
390.59,394.25,388.49,390.5,531.64,207973.65,391.19
392.15,393.8,385,385,1272.19,494802.82,388.94
385,392,385,388.65,542.08,211130.59,389.48
389.46,391.78,387.14,387.53,896.46,348775.89,389.06
389.06,390.65,378,380,3282.3,1253303.04,381.84
379.98,385,376.2,381.16,4801.13,1830004.74,381.16
382.52,387.4,381.54,383.99,1616.42,622041.2,384.83
383.99,387,378.01,381.21,2381.95,909104.85,381.66
381,383.83,378.98,380.92,811.95,309067.77,380.65
380.97,388,379.52,385.85,1676.16,644794.67,384.69
385.84,393.55,385.5,388.57,3277.36,1277290.82,389.73
388.15,389.39,384,385.81,2187.85,846951.13,387.12
385.79,388.87,383.5,386.69,1055.65,408086.6,386.57
386.76,387.55,380.36,383,2624.5,1006687.41,383.57
382.98,387,380,385.18,2860.43,1098111.52,383.9
386.51,386.51,382.04,382.04,1775.06,681822.3,384.11
382.05,384.55,370.64,374.87,4425.11,1668553.89,377.07
373.66,375.41,366.7,370.6,4426.55,1637383.28,369.9
369.54,372.99,358,363.95,6921.55,2513734.81,363.18
363.96,366.98,352.4,357.18,5285.24,1894588.52,358.47
356.81,358,344.34,353.45,7544.23,2656621.84,352.14
352.36,363.01,350.54,356.67,3342.55,1198834.91,358.66
356.57,363.71,356.55,358.48,3251.72,1172213.1,360.49
359.37,360.21,355.75,358.86,1500.99,537690.83,358.22
358.78,359,350.16,358.4,1407.27,499660.15,355.06
358.4,359.1,341.22,347.5,5241.57,1818619.34,346.96
347.5,355,342.5,348.74,3058.34,1065055.12,348.25
347.99,352.83,346.3,348.69,1388.61,485335.82,349.51
348.69,350.49,344.5,350.11,928.36,322186.3,347.05
350.1,363,347.41,356.26,3506.96,1252076.12,357.03
356.7,359.82,350.31,354.81,2292.08,812233.84,354.37
354.8,356.99,352.55,355.18,1189.45,421769.32,354.59
355.19,357.5,350.2,350.86,2373.61,839154.87,353.53
352.47,358.65,349.21,355.74,2214.43,782334.8,353.29
355.68,357.52,352.02,355.26,1888.06,671878.49,355.86
355.26,357.15,349.35,350,3064.57,1079609.15,352.29
351.03,354.89,350.09,351.47,1150.53,405498.06,352.44
352.76,357.43,351.45,356.9,1150.54,409210.55,355.67
356.9,357.7,352.4,354.66,2021.96,717058.04,354.64
354.65,359.5,353,356.96,2680.91,953381.51,355.62
355.71,355.99,350.2,352,1788.54,631186.19,352.91
352,354.89,345.55,346.34,2572.8,899785.56,349.73
346.17,347,337.74,342.24,5135.71,1753751.23,341.48
343.74,343.9,333.33,335.7,3759.2,1273401.6,338.74
336.37,339.8,334.75,335,1547.23,521654.35,337.15
336.2,341.6,334.08,337.8,2364.9,799462.59,338.05
337.69,339.77,332.99,336.26,3265.79,1098089.65,336.24
336.55,352.83,335.55,346.14,6941.85,2404742.42,346.41
346.14,347.96,342.17,344.91,1635.83,564452.46,345.06
344.9,346.98,337,339.82,1720.41,586625.12,340.98
339.8,343.92,335.5,340.01,2539.26,864752.4,340.55
339.98,344.95,336.1,337.99,1630.25,555259.07,340.6
337.99,339.47,337.05,337.22,512.29,173469.38,338.62
337.21,337.85,327.14,329.67,5008.61,1660544.16,331.54
329.67,330.34,319.9,326.98,5005.62,1625908.87,324.82
326.98,327.9,316.61,324.7,4444.04,1431138.21,322.04
324.55,328.7,323.1,328.7,1600.74,521956.73,326.07
328.69,329,318.24,318.3,3224.13,1038552.82,322.12
319.74,326.6,318.26,325.58,1843.64,595223.39,322.85
325.58,326.99,322,324.36,1666.9,541979.9,325.14
324.23,333.99,322.74,330.56,2718.52,896131.4,329.64
330.57,332.98,327.2,327.8,2676.42,883607.89,330.14
327.81,331.46,325.78,329.59,3370.64,1107469.84,328.56
329.56,329.99,325,325.5,2510.69,821790.12,327.32
326.45,328.89,323.02,325,1940.16,632269.71,325.89
324.94,328.08,320,323.67,3146.73,1016451.65,323.02
324.47,332.9,322.57,331,5916.66,1943590.19,328.49
331,331.99,326.04,330.22,2699.53,888540.37,329.15
329.96,338.98,329.96,333.94,3334.06,1117391.77,335.14
333.87,340.67,328.8,337.55,3740.33,1258519.99,336.47
337.55,344,336.51,342.99,4785.37,1630337.52,340.69
342.78,344.17,337,338.38,3513.64,1196887.5,340.64
338.37,341.99,336.27,339.21,1655.96,560881.39,338.7
339.11,341.58,338,339.33,1268.81,430694.4,339.45
339.29,351.22,338.15,348.73,6613.34,2288897.96,346.1
348.37,353.1,345.51,349.99,4750.68,1659056.21,349.23
349.99,351.22,345.65,350.69,1425.33,496831.93,348.57
351.2,352.15,341.5,344.2,2625.57,906694.22,345.33
344.22,346.81,340.4,342.29,2073.41,712059,343.42
342.24,344.99,340.85,342.16,1118.81,383479.43,342.76
342.16,346.68,340.6,343.92,785.87,269837.58,343.36
343.79,344.32,341.63,342.68,485.78,166362.7,342.47
342.67,345.94,341,345.63,756.16,259372.35,343.01
345.62,347.75,341.99,345.39,1743.22,600946.5,344.73
346.19,346.19,343.69,344.63,197.48,68133.91,345.02
345.11,351.95,343.4,350.95,2438.45,851297.48,349.11
350.86,360,347.8,356.12,4088,1453277.26,355.5
357,366.35,354.5,364.77,3813.23,1375761.91,360.79
365.37,365.4,357.3,359.54,1970.54,710950.2,360.79
360.77,372.42,358.35,371.25,5396.72,1979495.3,366.8
372.1,377.77,366.76,375.6,7588.43,2831774.7,373.17
375.59,375.99,362.59,366.43,4317.38,1593735.98,369.14
366.43,371,364.75,368.73,1757.68,648069.08,368.71
368.7,371.52,365.12,368.8,1102.88,406432.99,368.52
367.87,368.83,360.28,365.97,3030.79,1102137.89,363.65
365.97,370.97,364.18,370.65,1811.08,666267.51,367.88
370.09,389.07,369.85,382.35,5768.14,2183620.41,378.57
382.36,392,378,392,4727.99,1819533.72,384.84
391.96,434.8,390.64,434.41,17624.1,7147575.55,405.56
434.41,434.62,410.4,426.63,15920.16,6720311.05,422.13
426.64,453.88,420,448.01,8440.36,3686469.34,436.77
449,453.92,412,424,11999.36,5153228.88,429.46
423.89,440,401.55,407.28,12887.41,5438143.37,421.97
407.28,425,381.55,420.93,16557.38,6679997.89,403.45
417.85,420.3,388,391.66,6920.72,2760908.74,398.93
392.99,404,382.95,397,6361.12,2502082.86,393.34
395.95,415,388,397,5841.45,2348743.3,402.08
397,403.61,392.51,399.98,2534.42,1006907.22,397.29
399.97,407.22,386.02,396.02,3154.21,1251325.02,396.72
395.58,399.41,390,390.75,916.83,361079.55,393.84
391.99,391.99,369,370.1,6956.89,2629334.94,377.95
370.91,383,370.13,376.99,3400.84,1284050.25,377.57
376.97,386.86,375,386.86,2233.52,847499.03,379.45
386.38,395,383.2,389.9,3048.69,1187326.12,389.45
388.6,389.9,380,382.52,2466.63,946772.11,383.83
383.55,392.22,380.77,389.86,1931.65,748749.52,387.62
389.86,408.23,388.99,405.02,4722.56,1886503.24,399.47
404.99,415,396,411.77,4944.52,2016807.08,407.89
411.77,412.63,375,384.32,9849.16,3881797.13,394.12
383.02,390,375,387.69,4793.2,1843244.2,384.55
388.72,394.64,381.55,389.38,2698.73,1048060.83,388.35
389.36,391.19,371.44,378.17,3972.52,1507660.68,379.52
377.29,382.15,371.01,379.29,5151.09,1941023.55,376.82
379.28,382.44,371,374.88,3382.9,1276195.62,377.25
374.87,380.94,373.05,380.83,1030.88,389991.73,378.31
380.69,386.39,377.01,380.28,3370.91,1291704.26,383.19
380.29,382.06,371.7,375.9,3254.4,1226716.03,376.94
375.7,379.05,374.09,379.03,1328.79,500925.01,376.98
379.04,381.8,371.11,377.02,2446.25,922736.72,377.2
377,378.87,351.8,359.91,7232.39,2626293.74,363.13
359.91,362.57,354.16,360.98,4797.96,1723882.8,359.29
361,362,354.25,356.47,1904.29,681877.76,358.07
356.47,358.23,348.03,351.73,4905.46,1724085.94,351.46
349.96,357,342.05,353.87,6142.42,2145484.97,349.29
354.5,358.14,350.86,356.96,2666.99,948126.76,355.5
356.96,358.49,350,351.2,1534.02,542960.84,353.95
351.19,361.2,350.7,360.62,1550.19,551191.11,355.56
360.61,365.93,356.43,364.88,2157.87,779835.97,361.39
365.82,365.92,356.78,359.95,1739.15,627429.67,360.77
359.96,360,352.73,353.12,1258.49,449382.88,357.08
354.29,359.12,353.01,357.13,680.06,242457.83,356.53
357.06,361.6,354,357.03,1019.42,364930.73,357.98
357.03,364.8,354.31,362.97,2300.55,830786.43,361.13
362.98,373.5,361.7,367.17,3971.83,1458146.8,367.12
367.17,374,366.67,368.92,2546.17,944670.6,371.02
369.35,376.99,367.31,371.94,4260.37,1591702.73,373.61
371.94,382.98,371.2,382.52,4631.56,1753431.12,378.58
382.58,389.99,372.91,375.99,7641.58,2916376.47,381.65
375.99,386.31,375.11,383.12,3941.7,1503241.07,381.37
383.12,395.11,381.14,393.06,3908.57,1527447.64,390.79
393.09,393.89,376,381.01,5323.85,2038466.38,382.89
381.01,381.7,374.31,377.37,2982.57,1126543.33,377.71
377.05,379.22,371,376.92,2316.43,866719.23,374.16
376.77,378.5,367.4,372.7,3441.94,1276610.68,370.9
372.69,377.6,369.96,370,2839.71,1060424.06,373.43
370,371.93,363.38,368.5,4423.22,1621821.64,366.66
368.5,374.21,368.5,372.96,1562.98,580495.3,371.4
372.95,374.51,369.09,373.16,793.5,295454.49,372.34
373.89,375.33,368,370.6,2387.99,887347.59,371.59
372.33,373.21,366.37,369.98,1473.93,544595,369.49
369.98,370,363.38,364.46,1274.82,467620.81,366.81
363.43,366.34,358,364.22,3740.58,1353533.06,361.85
364.22,379.29,360.57,376.82,4698.03,1736195.48,369.56
376.82,381.34,372.15,376.86,4078.44,1543604.49,378.48
376,379.5,372.25,379.2,1093.33,410764.34,375.7
379,384.5,375.51,384.5,1570.06,597275.1,380.41
384.35,386.6,375,375.66,2725.79,1040434.21,381.7
375.67,378.89,373.37,375.49,1862.91,700095.93,375.81
375.48,377.94,373.8,375.57,534.46,200866.19,375.83
376.49,381.99,374.5,378.44,592.63,224358.94,378.58
378.89,379.24,374.71,375.45,658.22,247771.87,376.43
375.45,378.08,373.32,377.01,1299.99,487362.59,374.9
376.09,380.15,373.03,379.92,1709.68,645819.61,377.74
379.62,381.47,375.79,376.37,1438.88,544742.92,378.59
377.5,382.31,376.2,380.25,1505.37,571916.11,379.92
381.75,381.75,375.77,376.53,2283.9,862681.84,377.72
376.53,378.9,375.23,378.72,969.99,365057.97,376.35
377.58,382.42,376.02,379,1296.74,492569.11,379.85
379.4,382.86,379,381.98,2462.56,938896.66,381.27
381.98,382.57,376.38,379.52,1821.48,690990.66,379.36
379.52,382,378.1,380.65,1095.34,416997.54,380.7
380.65,380.91,374.23,376.19,1797.01,676537.71,376.48
375.55,383,374.98,379.24,3488.6,1327219.16,380.44
379.25,380.89,374.01,375.33,2076.28,783327.21,377.27
376.61,378.99,375.61,378.21,1087.55,410986.84,377.9
378.83,378.99,360,366.98,6303.73,2309103.68,366.31
366.97,373.56,365,371.62,2717.39,1004080.88,369.5
371.62,373.99,363.99,369.16,2224.2,822267.45,369.69
369.89,370.4,365.61,369.06,1032.61,380076.69,368.07
370.3,374.2,365.72,371,2597.8,964412.67,371.24
370.99,373.99,369,373.49,1897.69,706043.08,372.05
372.99,377.89,372.61,376,3072.42,1152580.48,375.14
376,376.77,371.31,371.9,628.97,235336.88,374.16
371.9,375.86,371.37,375,349.01,130581.87,374.15
374.99,376.59,373,374.53,641.87,240355.83,374.46
374.53,376.99,373.05,374.38,766.29,287733.64,375.49
375.05,375.82,373.16,374.08,249.47,93478.35,374.7
374.23,376.99,373.88,375.19,350.57,131723.84,375.75
375.53,377.5,374.04,375.99,921.81,347001.66,376.44
375.97,377.5,373.18,377.26,968.82,364537.26,376.27
376.03,377.26,372.88,372.88,601.39,225619.59,375.17
374.95,375.36,365.25,367.78,3959.12,1458496.53,368.39
367.78,370.7,366.25,368.71,2404.07,886303.14,368.67
368.72,369.72,359.01,361.3,5372.16,1958163.4,364.5
362.74,364.59,346,346.25,5711.75,2022347.43,354.07
346.28,354.51,346,351.28,3153.96,1105832.46,350.62
352.03,356.99,343.97,352.3,8123.09,2837985.59,349.37
352.26,354,348.29,352.03,2045.33,719149.2,351.6
352.02,353.74,349.11,350.93,1170.05,410985.17,351.25
352.41,353,347.5,351.74,1209.94,424026.92,350.45
351.64,352.59,347.5,351.32,1796.83,629700,350.45
351.32,351.89,345,345.21,2787.37,972420.63,348.87
345.22,363.99,339.8,362,7096.43,2480451.13,349.54
361.75,364.43,354.56,357.16,4401.24,1581000.46,359.22
356.48,359.8,353.23,356.58,1970.75,703776.29,357.11
356.57,358.07,347.01,348.9,2691.34,947614.7,352.1
348.88,353,348,351.85,1684.42,591106.61,350.93
351.82,356.2,348,354.43,1833.37,647470.01,353.16
355.01,356.6,351.51,356.48,1496.92,530466.61,354.37
356.48,358.59,352.2,352.24,3064.93,1091726.63,356.2
353.33,354.41,348.85,350.23,1314.04,461128.35,350.93
350.23,351.17,347.03,348.91,753.37,262923.23,349
348.89,352,347.6,351.58,794.01,278365.12,350.58
351.44,351.99,347.4,351.67,983.83,344140.56,349.8
351.67,351.98,347.44,350.12,1159.66,405820.85,349.95
350.14,351.97,348.55,351.79,379.04,133005.79,350.91
351.94,354.6,349.51,352.69,1757.85,619498.05,352.42
353.64,359.3,351.24,356.52,3242.35,1156261.81,356.61
357.3,357.3,352,353.67,894.5,316436.27,353.76
352.44,354.99,350.39,351.71,1641.68,577854.41,351.99
351.71,354.42,350.35,351.79,2099.83,738941.77,351.91
351.78,352.99,346.21,349,3456.83,1206638.11,349.06
348.85,349.35,339.8,340.67,3528.12,1209489.2,342.81
340.3,344.38,333.97,337.06,5600.8,1895068.61,338.36
336.91,340.29,334.61,336.99,4559.26,1540464.31,337.88
336.98,337,327.34,329.05,4495.19,1494476.76,332.46
329.05,335.99,325.94,331.59,3169.86,1052704.56,332.1
330.92,331.5,319.58,320.13,5463.92,1772639.19,324.43
319.67,324.01,315.23,319.62,9153.17,2924165.35,319.47
318.72,327,315.23,322,5105.04,1642335.68,321.71
321.96,325.61,309.28,311.4,5692.53,1802534.73,316.65
311.38,319.38,304.99,316,6238.24,1939698.69,310.94
316,316.99,309.51,314.77,4785.19,1495031.02,312.43
314.76,319.83,310.25,312.67,4887.65,1539570.88,314.99
312.65,312.99,307.11,310.75,1496.7,464473.31,310.33
310.27,318.01,308.94,311.04,5587.61,1747784.62,312.8
311.04,317,308.21,316.9,5044.89,1575170.82,312.23
316.91,320,312.67,318.33,3866.41,1224136.53,316.61
318.58,324.89,316.52,324.14,4093.23,1314726.1,321.2
324.14,329.28,319.93,328.95,2569.87,833169.73,324.21
329,329.3,323.53,327.06,2452.66,803352.85,327.54
327.06,333,323.1,331.79,2263.12,743967.15,328.73
331.77,332.31,318.78,323.12,2490.78,810687.21,325.48
323.21,326.68,321.63,326.2,665.13,215620.85,324.18
326.18,326.97,323.43,326.95,911.87,296718.02,325.39
326.95,328.93,320,320.01,2290.3,739959.74,323.08
320.88,329.45,320.01,329,1768.12,573762.47,324.5
329.24,333,326.62,329.38,2927.43,966990.97,330.32
329.35,333.95,319.9,332.96,4962.15,1622210.41,326.92
332.4,333.99,328.8,331.56,2155.07,714657.87,331.62
332.52,335,327.49,334.73,2190.32,727511.9,332.15
334.71,335,329.5,331.82,1190.73,395056.9,331.78
330.8,336.98,330,336.78,2379.05,793651.41,333.6
336.02,338.99,335.35,336.92,1919.67,647075.9,337.08
336.9,336.9,332.5,333.37,1065.99,356172.6,334.12
332.92,334.6,328.8,332.96,1754.75,580118.71,330.6
332.2,333.08,326.4,328.3,1573.19,517795.06,329.14
328.24,328.3,320.92,323.06,1490.94,481951.91,323.25
323.03,323.72,316.88,320.69,1708.72,547040.39,320.15
320.67,322.66,317.6,320.27,780.33,249385.78,319.59
320.27,321.54,317.7,318.51,793.8,253528.38,319.39
318.48,320.3,316.63,319.86,605.4,192796.32,318.46
319.85,324.98,316.64,323.3,1156.59,370059.91,319.96
323.3,326.02,320.32,325.05,996.56,322726.45,323.84
323.95,329.01,321.27,327.99,1340.9,435349.65,324.67
327.99,332,323.51,328.27,2912.22,958493.67,329.13
329.31,329.31,318.9,321.91,2633.93,848676.64,322.21
321.99,323.15,319.52,320.1,348.16,111830.92,321.2
320.46,321.81,312.1,314.36,3424.65,1082232.96,316.01
315.36,318.92,311.63,316.47,2280.79,719132.78,315.3
316.48,319.56,314.02,315.12,680.69,215559.18,316.68
316.38,318.4,311.22,314.01,1579.32,495740.9,313.89
314.21,317.77,311.22,317.77,1087.19,342431.38,314.97
317.77,318.47,315.22,317.64,773.87,245286.52,316.96
317.64,320.14,314.49,314.49,1000,318071.1,318.07
314.41,317.59,311.61,315.69,1543.99,484995.95,314.12
315.75,318.8,312.79,314.68,1750.12,552327.29,315.59
314.6,314.96,310.26,313.01,2635.52,824595.43,312.88
313.36,315.72,312.14,314.1,709.08,222981.35,314.47
314.1,315.01,310,311.48,1532.33,477963.21,311.92
311.08,316.77,310.1,313.62,3054.46,958998.08,313.97
313.99,314.97,310,311.07,3589.79,1117380.75,311.27
311.1,313,310.69,312.53,664.32,207168.65,311.85
312.54,314.98,311.39,313.42,1156.38,362294.63,313.3
313.43,319.5,311.6,316.36,2040.71,644291.63,315.72
316.36,321,314.76,321,2476.79,788531.48,318.37
321,321,312.6,313.98,1010.4,319309.9,316.02
314.7,318.25,314.34,315.57,679.05,214780.91,316.29
315.57,317.37,313.24,315.45,762.55,240020.39,314.76
315.45,316.55,313.6,313.81,635.44,200398.39,315.37
313.82,315.99,311.96,315.75,839.56,263816.42,314.23
315.72,315.94,312.02,314.3,494.59,155458.04,314.31
314.93,317.01,313.45,314.84,1195.7,377057.35,315.35
315.59,316.83,313.5,315.42,938.43,296113.87,315.54
315.42,316.58,311.33,311.69,1202.8,376689.46,313.18
311.69,312.82,303.46,304.9,4146.01,1276599.1,307.91
304.9,304.9,297,301,5718.42,1717279.82,300.31
301,302.7,280,282,10685.49,3105383.49,290.62
280,289.39,277,279.81,9241.21,2607318.36,282.14
279.81,288.91,278,283.9,4279.01,1215385.95,284.03
283.94,285.15,255,270.01,19377.36,5172018.74,266.91
270.04,273.96,256.88,264,8543.7,2272039.58,265.93
264.55,278.7,264.07,268.07,6702.25,1820894.79,271.68
268.05,280,267.8,276.8,2826.02,776003.08,274.59
272.45,305,272.45,293.97,9914.25,2898085.39,292.32
293.89,295,286,288.61,15224.21,4390342.65,288.38
288.61,288.99,277.3,280,6832.97,1935404.25,283.24
280.37,280.82,271.03,278.5,4565.25,1260759.63,276.16
278.05,279.36,274.72,275.59,2826.34,780672.73,276.21
275.6,280.94,274.72,277,1967.26,547275.79,278.19
277,279.62,275.4,278.44,2136.4,592813.23,277.48
278.61,280.33,270.7,271.1,3622.97,995414.72,274.75
271.1,272.67,262.08,266.39,5032.32,1345233.24,267.32
266.34,272.39,264.39,271.18,1532.85,411937.55,268.74
270.58,271.2,263.54,268.52,2495.67,669258.69,268.17
269.14,272.2,266.5,270.5,3458.78,934342.53,270.14
270.37,272.43,266.5,267.42,2990.95,808364.34,270.27
267.1,268.15,240.4,247.53,13196.23,3321806.6,251.72
247.54,252,219.94,219.94,15876.88,3762262.24,236.96
219.79,235.97,216,229.8,13904.72,3181818.16,228.83
229.76,239.09,217.11,227,17578.33,4023479.81,228.89
227.01,230.89,213.32,213.42,6823.05,1495162.15,219.13
213.32,215,152.4,190.65,55956.8,10777876.23,192.61
190.62,208.11,175.71,176.35,32111.53,6133615.69,191.01
176,186.58,161.1,171.41,29297.5,5169611.13,176.45
172,205.56,168.5,193.08,17490.65,3298064.28,188.56
193.07,214.9,190.6,212.17,16747.22,3417292.44,204.05
212.13,233.9,209.25,217.89,28248.51,6209697.07,219.82
217.01,224,192,210.98,21002.03,4386054.63,208.84
210.69,222.47,206,216.9,7145.63,1533737.84,214.64
216.5,223.15,210.4,216.44,8101.94,1759975.65,217.23
216.44,216.44,198.04,203.15,12614.2,2600299.12,206.14
203.6,210.23,202.6,208.03,6861.58,1422806.07,207.36
208.02,212.84,199,202.87,6084.93,1246139.84,204.79
202.76,205.03,192.17,198.48,7580.52,1506287.17,198.71
198.49,201.45,195.5,198.56,2817.3,559787.86,198.7
198.3,201.96,196.99,199.69,2639.14,525902.49,199.27
199.69,201.2,195.42,195.96,1417.87,280158.18,197.59
196.64,214.19,195.02,211.96,6383.16,1318707.12,206.59
211.95,222,206.92,210.4,7306.68,1565857.9,214.31
210.64,217.06,207.88,211.85,3097.47,654163.07,211.19
211.8,220.94,211.14,215.05,2538.22,551814.71,217.4
214.53,216.23,207.7,212.1,3712.81,779916.8,210.06
212.02,214.1,209.14,212.01,3239.89,686447.91,211.87
212.17,219,210.6,216.34,3546.48,763427.23,215.26
216.01,216.81,208.49,210.25,2494.52,529717.91,212.35
210.22,212.73,207,209.04,2902.92,608061.01,209.47
209.51,215.76,201.98,212.89,6066.57,1270971.7,209.5
212.89,215.52,210,210.65,2665.22,565765.84,212.28
211.94,218,210.54,215.87,2214.35,475526.96,214.75
215.87,217.09,211.69,213.29,1710.07,366542.27,214.34
213.28,215.96,205,214.61,6968.63,1468529.24,210.73
215,228.9,212.85,227.16,12267.61,2712756.96,221.13
227.75,239,226.01,234.88,5936.58,1380359.97,232.52
234.66,238,228.11,233.64,4790.32,1117138.38,233.21
233.62,237.96,230,235.12,11242.96,2614951.33,232.59
233.88,235.44,230.26,234.08,3435.47,799175.21,232.62
234.08,235,225.67,226.97,3035.81,695853.31,229.21
226.75,231.59,225.55,227.41,1862.88,424202.15,227.71
227.89,240,227.41,233.03,7401.96,1731081.41,233.87
233.02,237,230,233.64,2967.61,693583.41,233.72
233.42,235,230.03,235,668.07,155223.93,232.35
234.08,236.19,231.33,234.73,1344.92,314027.56,233.49
235.68,245,234.08,245,6247.5,1503216.57,240.61
244.96,249.99,242.2,249.19,5533.29,1366418.01,246.94
249.33,255,247.15,251.47,2344.32,588490.86,251.03
251.44,251.54,244,246.97,5844.41,1444209.13,247.11
246.36,255,241.33,247.18,13468.84,3351269.4,248.82
247.59,257,246,255.31,7103.36,1795932.83,252.83
254.67,291.95,254.67,284.96,14576.2,4000587.84,274.46
284.97,309.9,281.11,298,15198.24,4537772.99,298.57
298.1,305.17,265,268.72,19212.95,5389398.06,280.51
268.74,275.97,260,274.8,6842.23,1828159.78,267.19
274.76,278.51,252.52,258,7272.74,1896409.9,260.76
258.28,262.01,243.1,253.96,6683,1681472.75,251.6
253.96,267.72,253.36,265.41,5047.33,1320246.34,261.57
265.55,266.5,257,263.98,2156.75,566103.3,262.48
263.97,266.45,252.2,258.08,2061.89,533517.8,258.75
258,263.25,251.88,259.8,2692.65,695377.57,258.25
259.74,260.41,241,254.31,8810.74,2211874.59,251.04
254.19,254.22,225.91,236.07,14527.05,3449768.57,237.47
236.07,242.18,231.68,232.01,3384.29,800886.09,236.65
233.03,236.31,223.48,226,4896.06,1134429.07,231.7
226.09,234.21,220,231.41,10419.79,2372376.29,227.68
231.39,240.89,230.29,235.79,7312.03,1727313.98,236.23
235.12,243.43,233.44,241.19,3447.44,819756.69,237.79
242.17,244.98,229.16,233.57,7083.85,1679911.48,237.15
233.6,234.99,227.26,231.03,5721.13,1326246.64,231.82
231.14,234.13,225.52,228.98,4362.42,1005290.5,230.44
228.96,231.25,226.16,228,1418.1,323724.27,228.28
228,234.8,225.91,230.69,3063.49,708011.39,231.11
230.66,234.33,228.23,229.61,5641.17,1308031.39,231.87
230.76,231.87,215.75,216.9,9085.51,2034596.46,223.94
218.04,220.75,215.1,218.09,2248.79,489282.08,217.58
218.09,220.4,208.48,214.42,3825.95,819937.22,214.31
214.94,223.53,211,222,3894.45,849977.59,218.25
221.99,233,219.9,226.93,8439.06,1919519.84,227.46
226.93,232.77,225.76,226.63,2165.6,495611.46,228.86
227.55,227.55,221.79,226,2373.11,532423.38,224.36
226.03,229.1,221.79,225.52,4323.73,976405.81,225.83
225.52,241.98,223,238.47,6750.36,1574353.36,233.23
238.38,242.78,236,239.69,2248.11,535937.79,238.39
239.54,244.39,235.03,239.8,5417.19,1300869.72,240.14
240.72,241.94,235.5,238.67,2891.32,690729.8,238.9
238.67,238.67,223.79,227.99,6942.91,1589226.85,228.9
227.94,230,226.02,226.03,1301.55,296945.68,228.15
226.96,229.7,220.02,227.7,4817.97,1077132.74,223.57
227.71,230,221.24,222.7,5119.61,1150669.75,224.76
222.7,231,222.05,227,3744.33,847411.95,226.32
226.93,229,223.41,224.49,1433.9,324226.68,226.12
224.77,227.45,223.3,225.5,1131.43,254612.53,225.04
225.47,226.24,210.43,216.92,7849.12,1714929.97,218.49
217.53,219.87,215,216.81,2568.34,558674.41,217.52
216.46,221.79,210.59,217.64,3633.09,786332.09,216.44
217.64,219.94,215,216.45,1670.72,364174.02,217.97
216.91,225.86,215.75,221.89,3270.21,723252.33,221.16
221.64,224.97,218.89,223.37,2377.77,530469.74,223.1
223.44,226.3,221.77,224.36,749.87,168457.99,224.65
224.35,231,222.4,229.99,1743.24,396307.11,227.34
229.99,231.14,223.76,225.44,2056.06,467939.64,227.59
225.37,229.97,223.28,228.3,5114.5,1161946.62,227.19
228.78,229.37,224.7,224.71,740.15,168037.39,227.03
225.29,232.89,224.46,229.09,3146.05,722819.22,229.75
229.57,229.57,217.28,222.89,8275.22,1845524.66,223.02
222.87,224.88,220.91,223.88,1613.6,360513.28,223.42
223.92,225.99,219.18,221.92,1787.29,399304.09,223.41
221.63,224.87,220.75,221,1016.3,225994.21,222.37
221.37,221.41,215,220.35,11575.71,2525667.19,218.19
220.35,223,217.2,220.9,5094.66,1124807.62,220.78
220.91,221.7,218.01,218.42,710.03,156066.63,219.8
218.42,218.79,215.21,216.28,1508.28,326417.71,216.42
216.59,220.8,215,219.74,2153.72,467770.2,217.19
219.34,222,219.24,220.42,2510.62,554386.09,220.82
220.42,223.43,219.67,221.17,1789.66,397254.48,221.97
221.07,222.45,218,219.89,1981.07,436171.64,220.17
219.88,222.72,219.78,222.47,4040.32,894536.52,221.4
222.47,223,217.99,219.55,2865.25,633527.61,221.11
219.57,220.51,218.08,218.66,506.22,110800.67,218.88
218.66,219.85,218.01,218.67,760.26,166427.8,218.91
219.13,222.4,218.54,221.82,3383.79,747939.41,221.04
221.82,223.09,220.78,223,2314.34,514912.61,222.49
223.02,226.67,221.37,226.2,2866.77,642691.6,224.19
226.24,239.07,226.22,236.73,8185.18,1905262.01,232.77
235.74,242.35,235.01,239.51,6524.28,1555805.29,238.46
239.65,241.49,235.1,237,3836.22,910527.45,237.35
237,244.99,236.9,244.99,2718.77,654925.47,240.89
244.99,251.7,244.95,247.43,5590.25,1391052.24,248.84
247.43,249.74,243.59,246.66,3922.2,966042.45,246.3
246.16,259.31,244.32,256.99,7593.54,1930582.26,254.24
256.81,261.42,242.46,256.6,5225.21,1326439.18,253.85
256.58,267.92,252.37,254.45,7644.53,1987627.64,260.01
254.44,255.3,238.63,244.72,9071.19,2222895.98,245.05
244.35,245.56,227.75,235.63,7232.34,1690300.21,233.71
235.61,235.94,229.2,232.57,1887.48,438261.06,232.19
232.6,241.23,231.44,234,5192.7,1232439.93,237.34
233.73,238.51,231.9,235.91,2861.84,672544.98,235
235.91,239.84,233.37,234.7,2452.81,581805.32,237.2
234.69,236.73,232.01,235.95,886.7,207559.07,234.08
236.15,241.2,234.87,239.16,3012.61,719639.1,238.88
239.16,248.78,236.13,245.96,5122.45,1240094.6,242.09
245.72,245.72,240.4,244.7,4099.78,999088.09,243.69
244.6,247,242.78,244.75,1956.69,479405.48,245.01
244.58,246.02,240,242.94,1952.44,473464.07,242.5
242.5,244.8,232.01,234.99,5749.41,1369516.1,238.2
235,237.49,232.24,237.37,3163.38,742371.94,234.68
237.37,238.66,235.59,237.67,748.65,177470.76,237.05
238.1,239.8,236.34,238.76,1261.51,300065.26,237.86
239.43,242.26,236.87,242.26,3153.9,753721.22,238.98
241.3,245.01,239.13,240.59,3540.28,858755.67,242.57
240.61,248.59,239.41,246.38,2371.87,577938.81,243.66
246.45,249.32,242.29,244.76,3976.3,979940.26,246.45
244.86,247.17,242.01,243.8,1810.91,443223.19,244.75
244,246.32,242.13,245.48,1183.61,288955.29,244.13
245,247.8,244.23,246.37,745.88,183699.72,246.28
246.16,247,244.54,245.34,972.29,238977.69,245.79
245.56,246.79,244,245.98,974.2,238768.65,245.09
245.57,246,244,245.41,289.84,70994.37,244.95
245.84,247.42,245.19,246.82,621.8,153145.99,246.3
246.31,246.9,244.85,245.21,234.12,57618.57,246.11
245.2,245.73,234.08,235.3,4288.9,1020592.13,237.96
235.31,237.47,232.48,236.5,2606.93,611763.42,234.67
236.46,237.55,235.44,236.17,582.91,137961.51,236.68
236.1,237.19,232.42,233.5,1365.87,320385.11,234.57
233.5,238.35,232.05,237.44,1973.71,464357.77,235.27
237.41,241,236.63,239.65,2405.24,573660.37,238.5
239.63,240.85,238.61,239.07,312.82,75007.28,239.78
239.12,239.43,236.07,238.35,913.99,217157.92,237.59
238.46,240.97,237.03,238.25,2211.35,528508.39,239
238.1,240.58,237.7,239.55,1705.95,408748.06,239.6
239.53,240.98,238.04,238.61,967.21,231444.41,239.29
238.57,238.81,236,237.54,836.31,198190.01,236.98
237.62,239.31,237.18,238.61,1158.11,275876.37,238.21
238.61,238.99,237.56,237.97,848.91,202323.45,238.33
237.99,238.55,234.01,236.8,1498.81,354161.61,236.29
236.76,237.5,234.2,236.68,1347,318313.16,236.31
236.68,237.5,234.51,237.47,1760.8,416460.96,236.52
237.47,237.83,235.54,236.84,885.4,209677.57,236.82
236.83,256.02,236.16,252.41,8221.75,2031117.28,247.04
251.87,253.22,246.1,252.31,5875.99,1470540.11,250.26
252.27,256.01,249.18,252.2,5103.09,1291093.86,253
253.24,256.15,251.26,252.78,2811.17,714658.29,254.22
252.29,253.1,245.2,253,2441.09,610318.3,250.02
253,253.4,251.06,252.69,505.28,127507.51,252.35
252.57,253.37,249.1,251.6,1541.27,387033.09,251.11
251.67,254.56,251.15,253.47,1138.98,288071.9,252.92
253.45,253.45,251.2,252.46,756.02,190880.05,252.48
252.9,253.47,251.57,252.16,407.15,102786.82,252.46
252.34,252.34,245,247.89,2435.23,602642.49,247.47
247.9,260.25,245.68,258.34,6079.78,1552952.09,255.43
257.95,258.93,255.61,258.29,1033.12,266135.05,257.6
258.36,262.33,257.47,257.81,3959.13,1030252.03,260.22
258.21,266.8,257.81,264,4746.63,1246625.19,262.63
263.83,277,263.1,274.93,8276.39,2247004.56,271.5
275.95,278.17,270.02,273.57,3441.43,943827.57,274.25
274.65,280,268,269.53,4826.98,1323847.75,274.26
269.51,276.83,265.89,276.83,6341.44,1712234.75,270.01
276.01,284.95,274.64,281,6367.47,1783982.87,280.17
281.03,283.15,276,278.81,1290.83,360702.62,279.43
279.44,282,269.77,278.58,3296.29,907343.42,275.26
278.55,283.88,274.9,281.09,3965.68,1110333.82,279.99
281.29,281.87,264.94,270.78,5760.36,1563381.15,271.4
270.72,272.34,265,268.32,1284.44,346141.66,269.49
268.29,269.83,265,266.97,1751.29,467426.01,266.9
266.65,271.44,262.2,267,3268.45,874064.35,267.42
266.9,280.5,262.7,273.09,5124.17,1401336.36,273.48
273.46,276.46,271,273.68,998.69,273419.77,273.78
273.1,273.92,269,270.84,1634.76,443119.15,271.06
270.51,275,269.01,272.36,2653.82,724271.55,272.92
272.39,275.66,271.14,272.68,1566.01,427820.79,273.19
272.61,272.78,270,271.88,1196.07,324291.76,271.13
271.73,272.8,270.59,272.21,526.99,143215.27,271.76
271.66,278.07,271.66,276,1311.13,360560.16,275
276,279.48,274.99,276.71,2682.47,743699.78,277.24
276.71,277.57,275.42,276.46,740.93,204886.3,276.52
276.56,276.98,271.87,274,1076.25,295167.37,274.26
273.96,275,271.12,273.88,1371.86,374962.85,273.32
273.87,276.1,273.11,275,1241.65,340984.72,274.62
275,279.48,274.17,278.45,854.98,236820.23,276.99
277.57,281.9,277.54,279.58,2364.46,661686.26,279.85
279.98,286.97,276.01,285,4494.16,1267279.61,281.98
285.64,289,283.54,287.12,4282.72,1227853.92,286.7
287.12,294.13,283.96,292.72,3038.33,880052.69,289.65
292.71,294.01,287.75,293.35,2638.42,767576.58,290.92
293.36,296.8,285.16,292.98,5559.64,1623601.83,292.03
292.89,294.94,287.62,290,1892.67,551756.71,291.52
290,291.74,288,289.98,603.95,174789.61,289.41
290.08,292.97,285.83,291.29,2286.79,662690.25,289.79
291.28,294.83,290.07,294.73,2167.22,635194.6,293.09
294.03,296.79,292.65,296.54,1679.54,495447.75,294.99
296.29,296.79,292.15,293.54,930.25,273831.86,294.36
293.45,294.56,289,291.93,1816.49,529976.15,291.76
292.75,297.58,291.15,297.49,3136.07,926272.51,295.36
297.51,297.95,293.72,295.31,1997.87,590845.13,295.74
295.66,295.66,291.12,291.65,936.58,275010.65,293.63
292,292.45,282.99,288.65,5545.74,1601029.15,288.7
289.73,292.69,289,291.14,1314.8,382248.38,290.73
291.12,291.14,283.25,283.25,1813.43,519949.33,286.72
283.25,286.1,280.46,284.07,1804.3,510873.94,283.14
284.16,285.48,282.11,282.68,915.82,259829.59,283.71
282.71,287.69,282.71,285.3,1356.45,388238.63,286.22
285.32,285.93,281.4,282.01,1299.23,367590.78,282.93
282.36,284.48,281.42,284.22,183.96,52037.62,282.88
284.21,284.98,282.2,284.78,432.08,122622.05,283.8
284.8,285.67,283.16,283.88,607.52,173064.87,284.87
283.94,287.75,283.01,286.75,1206.5,345314.18,286.21
286.79,290,285.78,290,1202.18,347033.69,288.67
290,293.48,289.11,291.42,1396.71,407026.85,291.42
291.22,294.26,288.76,289.75,2800.23,817104.73,291.8
289.81,290.99,288.14,289.27,1100.79,318853.88,289.66
289.27,290,288,290,557.98,161324.79,289.12
289.99,292.99,289.27,290.69,1786.96,520276.57,291.15
290.69,290.7,286.1,287.6,2271.29,654225.42,288.04
287.14,288.48,281.9,282.8,1831.19,522005.29,285.06
282.8,284,280.45,283.56,1486.97,419297.79,281.98
283.25,283.5,267.58,270.7,5702.71,1568011.18,274.96
270.55,275.61,261.75,267.58,5817.29,1568108.96,269.56
267.59,268,249.02,256.45,8647.7,2230591.69,257.94
256.59,256.91,249,252.99,2798.77,708877,253.28
252.99,262.54,252.51,259.45,4457.73,1153920.34,258.86
259.43,265.95,256.6,263.04,3155.27,825064.43,261.49
262.75,264.28,252.78,261.81,4605.97,1194181.42,259.27
261.97,265.27,260.2,261.46,900.16,236581.58,262.82
261.46,263.1,257.75,259.88,1531.45,397982.01,259.87
259.88,262.88,257,260,2033.69,529018.12,260.13
260,263.37,259.02,261.96,1213.08,317456.8,261.69
261.92,261.93,260.08,261.64,535.56,139918.52,261.25
261.64,261.64,256.25,259.9,1530.94,395688.19,258.46
260.61,262.49,257.83,259.29,1374.44,357754.91,260.29
259.24,260.45,256.89,260,1182.96,306183.97,258.83
260,260.12,259.24,259.69,417.4,108368.44,259.63
259.41,261.75,259.4,260.08,740.76,192982.92,260.52
260.07,260.81,259.5,260.41,512.1,133175.29,260.06
260.52,272,260.07,267.74,4306.58,1149371.86,266.89
268.28,270.07,266,267.61,834.16,223524.66,267.96
268.1,269.47,266.3,267.22,1584.99,424668.8,267.93
267.51,269.65,263.26,265.98,3045.5,811565.21,266.48
265.98,267.99,259.5,265.94,3193.83,843186.82,264.01
265.98,266.52,264,264.6,610.79,162044.1,265.3
264.6,265.43,253,253.51,3406.23,881535.4,258.8
253.7,257.17,241.84,246.8,11173.41,2762959.47,247.28
246.8,251.91,244,245,3862.3,956117.89,247.55
245.29,247.16,243.8,243.81,839.48,206572.4,246.07
243.84,246,236.4,245.27,6466.84,1557954.9,240.91
245.56,250,243.4,244.8,4317.06,1063665.41,246.39
244.8,247.68,243.48,246.94,1258.25,309000.66,245.58
246.99,247,244.91,245.84,526.26,129428.13,245.94
245.88,252.37,245,251.19,3038.59,759858.11,250.07
251.21,253.75,249.94,251.84,2620.76,660006.2,251.84
251.8,253.5,246.39,249.23,2200.33,552258.04,250.99
249.23,250.52,246.01,247.59,989.34,245169.16,247.81
247.59,250.45,246.5,247.69,983.4,243994.68,248.11
247.69,249.67,245.12,248.63,2949.43,730469.82,247.66
248.62,249.99,247.17,247.94,1167.66,290255.28,248.58
247.93,253.7,247.25,253.41,832.89,208607.08,250.46
253.42,253.83,250.03,252.04,2363.2,594948.98,251.76
252.28,252.31,247.92,251.71,1416.5,354502.74,250.27
251.71,253.11,250.17,252.87,1073.04,270396.91,251.99
252.91,252.96,247.28,248.17,1042.47,259570.91,249
247.9,247.9,240.22,244.38,2758.75,672172.08,243.65
244.38,244.93,242.34,243.74,832.27,202887.6,243.78
244.49,244.88,239.96,242,2056.74,498163.18,242.21
242.41,246.75,236.52,244.84,1927.34,465626.3,241.59
244.78,246,242.11,243.58,1299.5,318189.96,244.86
243.57,248.22,243.2,245.9,2939.61,722280.32,245.71
245.68,248.86,244.54,247.95,1785.3,441492.51,247.29
247.95,248.59,245.55,246.93,741.09,183225.56,247.24
247.21,248.17,242.32,244,1468.93,359926.04,245.03
243.99,244.5,238.55,244.04,3925.67,951347,242.34
243.95,245.5,242.61,244.24,1978.4,482681.36,243.98
243.93,245.09,241.92,243.28,650.53,158246.92,243.26
243.25,243.26,239.32,241.82,1813.79,438016.94,241.49
242.35,243.29,241.47,242.79,1717.27,416238.17,242.38
242.79,246.83,241.73,246.69,2044.43,501098.91,245.1
246.68,247.99,244.97,246.41,1253.96,309786.95,247.05
246.25,247.62,244.52,245.87,1086.66,267363.19,246.04
245.84,252.69,245.11,251.97,3557.66,885727.84,248.96
251.57,256.96,250.9,253.28,3908.55,990785.55,253.49
253.22,253.68,251.23,251.68,559.31,141218.46,252.49
251.69,256.67,251.45,253.53,1666.57,423827.08,254.31
253.53,256.51,253.1,254.97,1842.11,469120.8,254.66
254.76,255,252.76,254.19,980.58,249004.84,253.94
254.19,255.85,253.05,253.87,853.39,216852.05,254.11
253.93,254.15,250.76,251.76,874.39,220235.59,251.87
251.92,253.85,251.1,253.5,540.36,136395.82,252.41
253.61,253.84,252,253.7,501.13,126801.05,253.03
253.6,253.99,251.65,252.21,487.1,123227.59,252.98
252.2,255,251.7,254.64,1001.74,254163.28,253.72
254.63,260.02,254.63,257.31,2687.67,692125.5,257.52
257.5,261,256.61,260.54,1582.85,409966.99,259.01
260.57,262.98,258.65,259.9,1243.85,324318.76,260.74
259.9,259.9,256.51,257.8,1176.92,303513.7,257.89
257.78,259.5,256.25,256.54,1670.83,430661.03,257.75
256.5,257.01,254,255.58,1869.08,477001.99,255.21
255.54,256.62,252.06,253.65,1398.03,354839.2,253.81
253.69,255.33,253.17,253.78,1096.16,278729.01,254.28
253.71,255.65,251.5,254.63,1946.31,494191,253.91
254.63,256.08,253.35,253.72,1569.77,400274.76,254.99
253.71,254.96,252.66,253.23,646.82,164019.49,253.58
253.32,254.57,243.15,244.99,4034.44,1000288.21,247.94
245,248.22,243.99,246.44,4593.69,1128832.43,245.74
246.44,246.9,243.06,244.58,2388.7,585571.59,245.14
244.84,246.3,244,244.45,1155.27,283095.35,245.05
244.42,244.42,238.47,242,2952.81,713527.92,241.64
242,245.25,241.82,244.47,2761.14,674706.51,244.36
244.89,244.99,241.57,243.43,1074.5,261227.86,243.12
243.75,243.94,240.67,241.47,534.9,129493.66,242.09
241.67,241.67,237.02,237.9,3291.47,786440.45,238.93
237.96,238.43,231,235.99,6449.48,1513280.78,234.64
235.98,236.67,233.38,235.99,1273.79,299229.4,234.91
235.99,239.42,234,234.82,1048.6,248549.66,237.03
234.58,237,233,234.48,1111.75,260378.03,234.2
234.75,238,234.35,237.45,1375.38,325835.37,236.9
237.25,237.52,235.18,236.15,572.77,135369.03,236.34
236.09,237.5,235.65,236.98,378.7,89818.68,237.18
236.38,237.27,233.42,236.6,1275.88,300792.89,235.75
236.6,237,235.46,236.97,625.64,147951.56,236.48
236.98,237,234.39,236.5,893.1,210783.6,236.01
236.42,236.9,234.99,236.15,565.57,133454.53,235.96
236.26,236.6,231.62,233.92,2826.88,661977.93,234.17
233.57,235.92,232,234.29,2648.91,619520.91,233.88
233.56,234.15,219.64,223.15,7882.87,1773520.12,224.98
222.97,224.79,219.85,220.82,1467.42,326373.09,222.41
220.41,222.22,215.14,219.95,5441.19,1192244.48,219.11
219.95,221.86,210,216,7099.57,1542744.91,217.3
216,217.78,213,215.8,4574.02,985151.92,215.38
215.78,221.96,215.67,220.05,2514.97,552767.39,219.79
220.04,222.43,214.05,220.93,2987.69,656339.72,219.68
220.78,221.88,217.75,219.43,2165.96,476891.58,220.18
219.67,222.88,217.5,222.88,2280.7,502511.58,220.33
222.83,226.27,222.44,225.18,2151.99,483148.88,224.51
225.17,226.5,223.5,225.14,2300.95,518745.7,225.45
225.53,229.66,224.22,229.56,3490.6,793901.31,227.44
229.56,229.67,226.54,227.5,2891.33,660361.93,228.39
227.36,228.29,225.66,226.05,1197.85,271508.71,226.66
226,226.07,220,223.3,2901.54,647745.66,223.24
223.3,224.27,221,222.64,2342.39,521683.71,222.71
222.62,223.99,221.71,222.6,1486.62,331442.4,222.95
222.6,223.97,222.32,222.8,810.2,180736.63,223.08
222.79,224.38,220.32,221.47,1498.83,333505.43,222.51
221.55,223,221.08,222.27,1125.12,249859.18,222.07
222.27,224.72,221.75,223.4,1186.17,264821.33,223.26
223.35,224.7,222.71,224.05,918.07,205241.02,223.56
224.07,227.35,223.2,225.73,1887.29,425964.12,225.7
225.76,226.69,224.12,225.49,1616.42,364120.66,225.26
225.51,226.85,221.91,222.54,1479.71,331108.87,223.77
222.54,224.83,221.43,222.6,871.99,194529.4,223.09
222.63,225.98,222.04,225.36,1240.81,278836.03,224.72
225.92,226.51,223.01,224.82,2324.43,522110.4,224.62
224.82,224.82,223,224.3,1529.64,342684.84,224.03
224.3,225.98,223.92,225.98,1306.76,294040.03,225.01
225.91,226.05,223.91,224.99,1033.27,232608.74,225.12
224.92,225.56,224.23,224.85,1508.33,339133.98,224.84
224.85,236,224.84,235.74,6075.32,1407196.92,231.63
235.71,236.89,233.62,233.66,1461.43,343554.02,235.08
233.76,236,233.67,235.04,1739.39,408798.63,235.02
235.05,238.64,234.9,237.6,3682.09,871190.64,236.6
237.6,237.79,229.1,233.45,3827.59,895645.65,234
233.25,234.74,232.56,233.21,1789.5,418002.06,233.59
233.19,235.63,232.01,234.52,2947.82,690395.26,234.21
234.46,236.22,234.17,235.3,2412.49,567339.32,235.17
235.57,236,234.02,235.98,1203.06,282756.19,235.03
235.61,236,231.5,231.51,1539.92,359565.45,233.5
231.44,232,229,231.47,2797.76,644630.6,230.41
231.34,232.3,228,231.16,2178.93,503168.13,230.92
231.14,231.75,229.22,230.24,2027.06,467784.84,230.77
231.04,232.29,228.46,228.8,1266.59,291610.82,230.23
228.92,229.65,225.7,228.09,1365.78,310776.55,227.54
228.19,228.92,226.2,228.28,1646.86,375055,227.74
228.3,229.26,226.03,226.12,1006.87,229152.46,227.59
226.12,227.26,217.47,218.96,3631.04,805248.29,221.77
218.96,221,217.8,219.44,1804.3,395516.63,219.21
219.42,219.96,214.98,219.54,3619.65,785519.5,217.02
219.53,222.71,217.31,219.52,2183.37,479269.79,219.51
219.52,219.98,218.66,219.88,1033.91,226798.77,219.36
219.89,220.91,217.58,218.69,1771.41,388517.14,219.33
218.72,225.08,217.52,222.98,6287.13,1397385.02,222.26
222.73,229.93,220.06,227.23,4724.05,1065335.55,225.51
227.17,227.56,222.65,224.5,1472.82,332704.81,225.9
224.55,226.99,223.79,224.4,2411.19,543276.08,225.31
224.22,226.99,221.45,223.25,3475.16,779794.42,224.39
223.36,225.44,221.74,225.16,1986.62,445058.4,224.03
225.18,226.1,222.69,223.68,1499.34,336703.94,224.57
223.71,224.64,221.81,224.3,1640.89,366407.38,223.3
224.3,226.35,223.02,225.77,3065.1,689143.37,224.84
225.65,226.99,224.52,225.48,2463.03,556544.69,225.96
225.5,226,224.6,225.97,1153.81,260081.79,225.41
225.95,235,225.01,232.25,4573.12,1058552.31,231.47
232.28,236.45,232.28,234.88,3174.54,744124.03,234.4
234.88,240,234.75,236.2,3588.74,850717.28,237.05
236.47,237.57,234,235.1,1258.63,296305.42,235.42
235.1,239.23,233,234.06,2433.17,573790.4,235.82
234.11,235.68,232.61,233.91,1260.09,295225.68,234.29
233.9,235.15,230.51,231,1735.24,404511.42,233.12
231.05,234.55,230.81,233.77,1286.3,298599.63,232.14
233.96,234.69,229.87,233.82,1817.4,420904.57,231.6
233.85,234.79,232.17,234.43,694.32,162300.25,233.75
234.4,234.9,232.72,233.83,552.04,129290.24,234.2
233.83,235.79,232.31,235.5,359.47,84157.16,234.12
235.62,241.1,235.59,240.84,1770.66,422415.64,238.56
240.84,242.25,238.66,240.43,1648.85,396692.18,240.59
239.99,241.08,238.25,239,628.84,150713.41,239.67
239.73,240.86,237.01,239.95,1094.04,261128.72,238.68
239.74,241.03,238.19,240.89,1471.95,352991.81,239.81
241.04,242.2,236.15,237.44,3270.16,780029.15,238.53
237.41,238.99,236.07,238.34,1668.55,396359.15,237.55
238.22,238.78,233.19,233.88,1324.59,312697.43,236.07
233.88,235,229.66,232.92,3654.3,847666.06,231.96
232.92,235.46,231.82,235.05,2202.29,515844.9,234.23
235.05,235.98,233.1,235.12,1440.37,337831.14,234.55
235.18,235.94,233,233.54,744.79,174440.76,234.21
233.54,235.34,233,233.75,1673.13,391747.35,234.14
233.77,235.33,232.94,234.89,1804.45,422757.69,234.29
234.88,235.89,227.01,228.49,4401.46,1019413.6,231.61
228.34,229.78,227.64,228.42,1048.33,239896.05,228.84
228.42,231,227.35,230.17,2652.44,608185.94,229.29
230.17,233.93,230.17,233.81,2686.63,622931.64,231.86
233.76,240,233.16,236.87,4675.25,1109876.2,237.39
236.92,237.99,235.29,236.23,641.57,151901.35,236.77
236.46,238.41,236.03,237.51,1516.9,360031.63,237.35
237.78,246.57,236.67,246.2,5329.69,1289053.52,241.86
245.99,246.57,243.12,243.2,1998.61,488588.26,244.46
243.22,246.2,243.12,244.73,1287.36,314871.4,244.59
244.69,247.01,238.62,239.87,2343.83,566111.35,241.53
239.55,241.96,239.22,241.05,1241.78,299138.28,240.89
240.45,243.12,240.38,241.96,626.64,151586.21,241.9
241.83,242.16,238.62,239.53,495.89,119301.75,240.58
240.32,244.99,238.02,242.87,1375.65,332603.06,241.78
242.91,243.71,238.25,239.4,883.54,212572.46,240.59
239.4,240.99,238.75,239.13,765.16,183314.29,239.58
239.13,240.99,237.99,238.73,703.12,168127.41,239.12
238.5,241,237.99,239.51,3529.9,844979.2,239.38
239.57,244.44,239.13,244.19,2695.44,652170.68,241.95
243.99,244.51,239.99,241.3,2762.18,668229.88,241.92
241.3,241.99,237.54,238.92,1547.69,370148.11,239.16
238.93,240.49,237.55,239.78,1843.22,440861.23,239.18
239.78,242,238.8,241.36,3923.24,945149.82,240.91
241.22,241.95,241.01,241.03,1104.56,266550.44,241.32
241.03,241.84,240.01,241.39,875.22,210975.38,241.06
241.36,243,240.44,242.98,1325.54,321496.27,242.54
242.75,244,241.6,242.74,2402.51,583443.63,242.85
242.74,244.14,235.06,235.97,4729.21,1130429.21,239.03
235.97,237.65,235.09,236.34,843.7,199221.56,236.13
236.16,238.98,235.1,237.4,1540.37,364124.98,236.39
237.01,239.7,235.7,237.2,2164.65,514268.22,237.58
237.54,238.75,232.22,237.13,2981.79,705332.75,236.55
237.12,238.6,236.46,237.12,848.65,201339.6,237.25
237.12,237.81,236.22,237.24,943.74,223721.99,237.06
237.3,239.28,236.3,237.55,1669.86,396625.74,237.52
237.33,237.99,235.12,237.37,1074.67,254499.45,236.82
237.39,237.4,236,236.73,517.23,122350.62,236.55
236.47,237.4,235.58,236.33,612.87,145019.75,236.63
236.33,237.33,235.01,236.8,986.19,232894.12,236.16
236.75,236.99,234,235.66,1000.5,235269.66,235.15
235.43,236.56,235.17,236.52,265.22,62627.96,236.13
236.33,236.54,235,235.79,609.61,143638.77,235.62
235.79,237,234.15,236.31,1244.28,293828.87,236.14
236.31,236.83,235.08,235.97,526.05,124092.22,235.9
235.69,236.36,235.05,235.6,516.63,121709.25,235.58
235.6,236.54,234.15,235.91,1380.33,324739.02,235.26
235.63,236.94,235.26,236.45,2413.87,570464.69,236.33
236.35,236.58,231.44,232.87,3132.39,733020.84,234.01
233.03,234.24,232.72,234.06,603.59,140932.09,233.49
234.15,234.19,231.13,232.39,1327.45,309117.29,232.87
232.4,233.2,231.9,232.44,1984.63,461866,232.72
232.44,233.16,230.86,231.4,1652.61,383598.04,232.12
231.4,232.91,231,231.4,991.6,229836.86,231.78
231.4,234.65,231.3,233.54,2895.98,676639.27,233.65
233.54,234.86,233.12,234.6,2505.49,586578.1,234.12
234.6,234.84,233.01,234.43,1430.28,334450.09,233.84
234.4,235,233.75,233.89,681.66,159793.09,234.42
234.13,236,233.85,235.12,1524.86,358762.91,235.28
235.12,236.28,234.76,236.01,1419.28,334233.5,235.5
236.05,236.52,234.91,235,983.49,231773.29,235.67
235,236.56,234.91,235.46,527.44,124284.67,235.64
236.08,237.2,232.92,234.08,4097.86,965185.47,235.53
234.08,239.62,234.08,239.57,2659.28,629214,236.61
239.52,240.9,236,238.99,3167.23,755987.11,238.69
238.8,240.4,237.75,239.07,1101.26,263643.57,239.4
239.19,240.34,239,240.07,544.73,130667.93,239.88
240.04,240.67,238.6,239.01,943.49,226013.54,239.55
238.75,239.26,237.4,237.76,626.8,149334.66,238.25
237.87,239,237.66,238.88,415.19,99038.16,238.54
238.86,238.9,237.74,238.45,222.69,53076.36,238.35
238.15,241.64,237.74,240.46,1647.65,395699.21,240.16
240.44,241.64,239.21,239.22,636.03,152876.05,240.36
239.69,240.1,238.5,239.48,491.69,117572.45,239.12
239.33,240.05,233.1,236.2,2090.44,493851.24,236.24
236.2,237.11,235,235.9,1404.17,331557.91,236.12
235.9,236.91,234.8,235.59,1638.78,386146.2,235.63
235.72,236.7,235.5,235.8,418.61,98785.8,235.98
235.91,237.96,234,237.45,3220.88,760478.09,236.11
237.31,237.44,235.08,235.91,3058.85,721973.58,236.03
235.91,236.95,235,235.71,1891.73,446198.61,235.87
235.71,237.35,235.16,236.77,696.49,164144.46,235.67
236.92,237.25,234.98,236.03,2816.71,664954.87,236.08
236.2,236.74,234,235.67,2654.4,625532.2,235.66
235.66,236.22,234.31,235.17,2405.27,565446.38,235.09
235.32,236.25,235,235.79,763.97,179874.79,235.45
235.79,236.21,234.87,236.1,942.96,222072.19,235.51
236.12,236.76,235.2,235.82,1612.89,381106.97,236.29
236.3,236.8,235.41,236.46,1686.16,398278.22,236.2
236.46,236.52,235.5,235.63,1357.91,320269.44,235.86
235.63,235.83,234,235.56,2009.84,472125.73,234.91
235.25,236,235,235.95,1647.33,388289.03,235.71
235.73,236.21,235.03,236.03,1150.81,271285.11,235.73
236.03,236.03,234.17,235,445.53,104804.73,235.24
235,235.41,231.55,232.27,2280.22,532286.28,233.44
232.44,232.49,231,231.28,941.46,218216.61,231.78
231.28,232.39,231.01,232.11,578.73,134153.54,231.81
232.11,232.51,231.87,232.21,555.73,128935.8,232.01
232.21,232.5,229.99,230.38,1348.57,311690.44,231.13
230.63,232.42,230.01,231.4,1268.71,293626.29,231.44
231.73,232.31,228,228.91,1199.2,275529.84,229.76
228.91,230.22,228.19,229.47,335.22,76947.75,229.55
229.47,231.2,225.97,227.46,4160.85,951703.51,228.73
227.16,227.75,221,222.76,5045.32,1129210.78,223.81
222.72,223.82,220.65,223.51,2643.58,587671.79,222.3
223.5,225.96,221.35,222.98,1242.89,277185.03,223.02
222.98,223.75,221.34,222.89,2505.89,557291.14,222.39
223.07,226.38,222.51,224.75,2946.58,662402.61,224.8
224.67,225.8,224.19,225.18,1049.52,236117.49,224.98
225.17,226.48,224.61,225.39,544.47,122814.88,225.57
225.45,225.58,222.57,224.33,1994.72,446663.86,223.92
224.44,226.31,224.32,225.61,1484.57,334570.89,225.37
225.75,226.99,224.27,224.27,1791.82,404889.75,225.97
224.8,225.58,224.11,224.53,615.29,138312.81,224.79
224.7,225.77,224.11,224.7,1116.05,251144.4,225.03
224.7,225.75,223.51,225.28,1612.22,362575.3,224.89
225.4,225.98,222,222.99,1478.85,330717.13,223.63
222.99,223.78,221.55,222.89,506.58,112773.87,222.62
222.89,225.9,219.03,223.75,4295.61,954547.45,222.21
223.75,225.15,222.24,224.16,2127.88,477646.68,224.47
224.3,225.14,224.15,224.4,1466.64,329555.31,224.7
224.4,224.98,223.07,224.31,368.43,82601.02,224.2
224.31,225.26,223.96,224.67,630.94,141753.22,224.67
224.66,225.23,223.45,224.5,1124.81,252266.47,224.28
224.5,224.99,223.86,224.99,648.16,145553.71,224.56
224.95,225.4,224.5,225.14,469.49,105660.09,225.05
225.14,225.48,224.42,224.5,861.64,193838.16,224.96
224.45,224.89,221.86,222.58,1520.81,339886.1,223.49
222.45,222.9,222.03,222.7,472.44,105071.5,222.4
222.65,222.95,222.31,222.65,492.98,109823.62,222.78
222.55,225.12,222.55,224.79,2547.84,571173.39,224.18
224.79,228,224.41,228,3566.31,806853.74,226.24
227.99,229.4,226.95,228.17,2379.74,542995.05,228.17
228.05,228.2,226.67,227.28,816.48,185531.45,227.23
227.28,230.79,226.99,229.51,4017.09,920096.69,229.05
229.65,230.77,228.99,230.43,2652.27,609856.94,229.94
230.43,230.43,228.56,228.7,1643.87,376940.95,229.3
228.7,228.9,228.01,228.75,329.72,75343.21,228.51
228.7,229.75,228.11,229.65,1757.61,402448.52,228.97
229.69,229.71,226.83,228.2,1945.14,443861.38,228.19
228.2,228.57,226.83,227.8,2252.27,513209.81,227.86
227.88,229.35,227.25,228.7,397.59,90832.47,228.46
228.7,229.57,228.41,229.19,1367.93,313363.39,229.08
229.05,229.33,228.49,229.02,1897.16,434224.39,228.88
229.1,229.16,228.01,229.03,1064.63,243552.41,228.77
229.14,229.31,228.5,228.87,495.85,113534.54,228.97
228.98,230.19,228.29,229.89,1621.63,372097.22,229.46
229.99,230.7,229.06,229.81,1967.45,452727.83,230.11
229.8,230.56,229,229.4,1802.21,414137.14,229.79
229.3,229.9,228.06,229.6,728.7,166944.97,229.1
229.51,229.99,228.93,229.76,319.41,73351.59,229.65
229.98,230.5,229.65,230.35,800.72,184293.06,230.16
230.46,232.04,229.98,231.64,2160.97,499988.99,231.37
231.64,233.86,231,233.01,1156.17,268576.93,232.3
233.03,234,231.65,232.36,929.6,216617.09,233.02
232.36,232.67,230.94,231.76,915.68,212149.36,231.68
231.9,232.1,231,232.09,584.82,135609.54,231.88
232.08,232.65,231.55,232.39,429.88,99815.47,232.2
232.25,235,232.02,234.71,4385.17,1025167.84,233.78
234.78,235.87,233.4,235.8,3705.88,869554.98,234.64
235.79,237.09,234.96,235.92,1984.66,468625.62,236.12
236,236.12,234.35,235.94,1208.38,283846.89,234.9
235.96,240.46,235.91,240.39,4510.34,1077295.8,238.85
240.38,252.05,236,245.2,8919.66,2181844.14,244.61
245.2,251,243.26,250.09,3316.22,818613.26,246.85
250.02,252.2,244.97,246.79,1734.06,430996.14,248.55
247.95,257.39,246.66,253.26,4588.85,1157933.35,252.34
253.26,254.97,245.58,250,7758.86,1943782.89,250.52
250,251.56,243.2,247.76,2869.37,710501.72,247.62
247.76,248.95,242.1,243.2,2215.29,543137.58,245.18
243.3,249.4,240,248.75,4165.88,1019872.1,244.82
248.66,251.58,246.5,248,2883.53,717737.45,248.91
248,248.6,246.74,248.4,1880.42,466101.83,247.87
248.45,249.93,247.69,248.39,340.89,84799.35,248.76
248.39,249.68,245.8,246.5,1685.84,417803.43,247.83
246.5,247.76,244.58,246.31,2336.01,575686.58,246.44
246.4,246.45,242.14,243.7,2420.33,592155.38,244.66
243.75,243.94,240.6,242.3,1116.61,270609.51,242.35
242.3,242.37,239.93,241.95,1378.91,332187.12,240.9
241.95,245.56,241.31,243.35,1177.84,286734.41,243.44
243.4,244.99,242.6,244.76,761.32,185839.54,244.1
244.65,244.65,242.22,242.24,271,65864.41,243.04
242.35,244.55,242.35,244.4,312.04,76130.92,243.98
244.3,245,241.9,242.27,750.66,182887.46,243.64
242.19,243.87,241.06,243.64,612.6,148378.13,242.21
243.6,244.58,243.27,244.17,408.83,99801.8,244.11
243.93,246.82,242.64,245.83,2131.5,522263.25,245.02
245.83,246.92,243.41,246.34,1596.09,391923.87,245.55
246.34,247.99,245.3,246,1013.34,249932.63,246.64
245.99,247.25,244,244.51,1011.24,248688.71,245.92
244.51,245.68,242.78,243,1249.25,305284.45,244.37
243.18,245,242.14,244.04,1550.18,377700.91,243.65
244.05,245.19,243,243.74,1143.22,278850.7,243.92
243.85,243.97,241.86,242.99,625.33,151914.22,242.94
242.96,243.99,242.46,243,1128.58,274363.06,243.11
243,243.1,238.2,240.74,4023.74,968010,240.57
240.64,241.49,240.03,240.19,945.67,227646.67,240.72
240.19,242.89,239.18,242.89,1506.77,362770.04,240.76
242.89,242.89,240.91,242.51,995.93,240950.05,241.94
242.3,242.9,240.46,242,1723.31,416271.73,241.55
242,242.09,240.5,241.98,776.93,187608.12,241.47
242.08,242.24,241.03,241.5,299.64,72411.98,241.66
241.4,242.19,240,241.65,1010.17,243836.71,241.38
241.65,242.13,240.18,241.18,1912.71,461673.68,241.37
241.19,243.44,240.5,242.98,2049.33,496500.86,242.27
242.98,243.49,242.36,243.46,542.33,131810.26,243.04
243.45,245.7,243.2,245.2,1581.51,386356.79,244.3
245.26,249.62,245.01,248.69,2483.54,615167.71,247.7
248.83,252,247.1,251.21,2493.73,623556.32,250.05
251.28,251.28,249.15,250,1359.74,340596.76,250.49
249.95,250.59,248.51,248.51,1105.73,275764.02,249.4
248.75,251.11,248,248.6,2190.89,545614.47,249.04
248.65,249.54,247.04,248.62,1447.95,359918.2,248.57
248.63,250.38,248.3,249.17,715.64,178551.26,249.5
249.17,256.94,248.35,255.27,4280.31,1079055.36,252.1
255,256.64,250.41,253.6,7121.13,1814516.25,254.81
253.61,256.41,252.8,256.04,3276.03,834518.94,254.74
256.04,264.99,255,264.99,5354.08,1389791.9,259.58
264.55,268,260.13,261.71,5501.51,1453936.93,264.28
261.8,267.72,260.78,262.59,5388.91,1423266.39,264.11
262.59,264.52,258.75,262.5,3657.94,955162.05,261.12
262.58,265.25,258.13,260.09,2110.08,552418.28,261.8
260.09,261.25,253.81,256.51,6318.95,1620522.25,256.45
256.55,258.96,255.01,258.04,2845.21,732190.92,257.34
258.24,259.8,257.07,257.62,2120.92,547894.41,258.33
257.62,260.77,257.03,258,1899.85,492244.63,259.1
258,258.1,253.36,257.29,3367,860329.96,255.52
257.12,257.24,253.19,255.64,3100.5,790801.87,255.06
255.64,255.92,254.37,254.54,1459.65,372402.05,255.13
254.49,256.27,254.49,255.22,1486.01,379949.62,255.68
255.21,255.51,252.4,252.95,3094.33,784443.07,253.51
253.07,256.43,253.07,255.22,2563.07,652906.01,254.74
255.25,256.44,255,255.92,2010.45,514033.3,255.68
256.06,256.79,254.05,254.43,1361.45,348173.13,255.74
254.49,255.89,254.49,255.77,1467.1,374702.42,255.4
255.64,258.99,255.63,258.02,2454.77,633038.47,257.88
258.01,261.28,256.56,260.2,2626.53,681287.23,259.39
260.16,262.44,259.86,260.97,2251.41,588603.35,261.44
260.91,261.48,258.75,260.12,3373.34,878054.6,260.29
260.12,270,260.1,270,5709.95,1509257.58,264.32
270,274.74,264.76,271.5,10027.91,2713287.52,270.57
271.39,271.69,267.13,268.92,1507.14,405305.42,268.92
268.91,274.23,267.63,273.43,4108.96,1117458.57,271.96
273.46,278.54,271.1,272.22,9367.9,2573171.76,274.68
272.22,276.59,268.23,268.51,5043.86,1377352.53,273.08
268.53,271.69,266.66,267.53,2589.18,697655.1,269.45
267.57,268.62,264.92,267.7,3343.32,890579.15,266.38
267.7,269.31,264.41,267.48,4173.46,1112980.88,266.68
267.14,267.34,264.01,265.51,3649.68,969468.28,265.63
265.67,266.9,263.01,264.12,2643.22,699298.11,264.56
264.1,269.74,263.27,268.9,4047.17,1082245.63,267.41
268.93,273.24,268,269.51,6073.29,1642703.03,270.48
269.51,270.81,265.99,270.63,3278.59,880972.59,268.7
270.41,270.46,265.92,267.98,2036.72,545306.38,267.74
267.98,271.89,266.66,270.44,4765.89,1281766.24,268.95
270.24,271.98,269,270.18,4194.31,1133754.57,270.31
270.39,271.12,267.41,268.92,2909.72,783237.54,269.18
268.98,270.86,268.63,270.7,1344.79,362848.71,269.82
270.69,290.12,269.13,288.19,13197.44,3734620.8,282.98
288.34,289.17,280.1,285.46,7629.22,2180462.81,285.8
285.97,294.71,283.85,285.23,6979.87,2014799.09,288.66
284.63,293.25,283.88,291.81,1965.2,566134.08,288.08
291.41,293.64,287.63,291.74,2417.5,703959,291.19
291.75,298.05,291.36,293.72,4768.1,1405662.06,294.81
293.58,296.23,291.64,291.64,2542.43,745014.19,293.03
291.65,302.14,291.65,297.81,4682.29,1400482.64,299.1
297.61,311.21,296.96,309.47,6530.04,1991839.01,305.03
309.91,317.99,307.5,308.71,7791.48,2429942.74,311.87
309.25,311.64,305.92,310.55,3493.65,1078795.41,308.79
310.55,310.73,303,307.56,4162.33,1280060.1,307.53
307.54,307.56,281,290.74,17230.32,4974814.21,288.72
291.21,293.6,285,289.88,5006.33,1445751.85,288.78
289,294.47,286.44,292.68,3376.99,979663.46,290.1
292.54,293.7,287.42,288.72,1954,569333.3,291.37
288.71,289.56,286.02,289,1538.6,443373.09,288.17
288.56,297.13,288.48,291.8,4332.91,1268604.08,292.78
291.99,293.11,287.15,287.55,2535.57,734777.08,289.79
287.49,291.99,287.49,288.27,752.8,218072.37,289.68
288.25,292.97,287.84,292.27,1996.64,581891.99,291.44
292.63,293.7,290.96,291,1835.81,535831.21,291.88
290.95,292.5,284.29,285.67,5213.12,1507105.23,289.1
285.67,292.4,285.45,286.85,3237.4,935733.58,289.04
286.85,286.9,281.22,283.79,5605.06,1593859.86,284.36
283.25,284.54,274.92,275.7,8630.16,2401235.59,278.24
275.94,280.32,275.5,277.89,3630.72,1007022.69,277.36
277.74,279.23,277.13,277.33,1588.45,441479.1,277.93
277.13,277.63,272.31,274.47,4876.85,1340509.99,274.87
274.35,279.74,274.11,278.21,2705.82,750503.28,277.37
277.92,280.73,277.57,279.43,2305.93,643377.86,279.01
279.15,280.64,278.72,279.61,1085.8,303308.83,279.34
279.64,283,277.86,278.6,3711.16,1038702.78,279.89
278.6,280.28,276.87,277.18,3486.18,968871.32,277.92
277.27,278.08,276.73,276.79,1078.94,299111.86,277.23
276.74,278.1,276.67,277.14,370.98,102870.39,277.29
277.05,277.55,276.37,276.49,1418.68,392538.11,276.69
276.38,277,275.18,276.2,2015.74,556112.52,275.88
276.19,276.52,275.01,275.47,1483.63,408714.89,275.48
275.08,278.01,274.62,276.79,1379.37,380042.47,275.52
276.79,278.68,276.37,277.77,2512.53,696811.3,277.33
278.08,279.16,277.35,278.04,3579.44,994712.09,277.9
277.76,279.35,277.31,278.96,1347.19,374472.38,277.97
278.95,281.07,278.93,280.35,1807.98,506587.6,280.19
280.47,281.02,279.25,279.45,2169.82,606828.62,279.67
279.4,279.5,277.4,279.26,2125.33,592479.42,278.77
279.24,279.8,276.28,276.76,2897.42,805834.24,278.12
276.49,277.46,275,275.5,1911.2,527362.98,275.93
275.5,277.86,275.5,277.2,1346.68,372680.76,276.74
277.2,277.85,275.7,277.4,2741.6,758829.3,276.78
277.39,277.97,275.5,277.68,2318.98,641247.84,276.52
277.5,278.32,276.31,277.25,1059.16,293831.18,277.42
277.73,277.8,275.98,276.33,1202.29,332880.02,276.87
276.33,278.55,275.79,276.62,2903.87,805296.81,277.32
276.62,277.68,275.98,276.61,1274.3,352587.6,276.69
276.61,277.11,275.9,276.59,585.76,162047.42,276.64
276.59,287.55,276.58,284.76,7189.54,2034414.95,282.97
284.74,288.6,283.3,287.98,4377.2,1247520.82,285
287.99,290.53,286.87,289.01,3701.6,1069290.09,288.87
289,290.38,287,288.43,2056.92,593206.5,288.4
288.45,291.66,288,290.02,1874.63,542948.19,289.63
290.03,292,287.37,288.42,2040.56,591767.59,290
288.24,290.12,286.5,288.78,1573.78,453570.38,288.21
288.97,289.34,288.27,288.63,271.59,78465.8,288.91
288.67,294,287.41,293.82,2713.31,789897.68,291.12
293.94,294,291.01,292.99,1288.84,377030.58,292.54
292.71,293.34,291.05,293.19,1024.73,299796,292.56
292.85,294.35,291.72,292.49,2135.87,625791.96,292.99
292.49,292.84,286.43,288.2,2457.35,708786.99,288.44
288.37,290,287.5,288.7,3251.13,938592.94,288.7
288.7,297.44,288.69,294.29,6806.38,2003647.15,294.38
294.03,297,293.42,295.99,1457.14,430421.51,295.39
295.82,296.34,292.19,293.32,2399.18,706178.19,294.34
292.86,296.08,292.49,295.07,2895.23,853157.73,294.68
295.06,295.63,293.13,294.01,2047.49,602872.94,294.45
294.01,294.57,288.36,289.92,1985.05,580322.54,292.35
289.7,290.58,287.27,288.97,2090.17,603844.93,288.9
289.12,291.46,288.78,290.46,3040.43,882255.34,290.17
290.43,293.2,289.22,289.85,3120.5,909146.07,291.35
289.85,289.97,288.37,289.97,917.97,265463.3,289.18
290.08,290.08,284.53,286.36,3627.07,1043556.15,287.71
286.37,288.2,286.37,287.56,2174.79,624683.07,287.24
287.55,288.45,286.6,288.01,1388.79,399357.71,287.56
288.29,289,284,284.02,1022.96,293414.36,286.83
284.02,284.58,281.8,284.52,3583.33,1014299.14,283.06
284.4,285.45,282.07,284.75,2032,577803.56,284.35
284.79,286.15,283.21,284.33,1264.47,360070.46,284.76
284.69,285.16,281.78,282.47,1180.43,334353.26,283.25
282.08,282.08,276.66,278.12,3294.48,922445.27,280
278.3,280.99,276.79,280.67,1722.63,480517.96,278.94
280.74,282.07,280.19,280.19,906.53,254876.32,281.16
280.19,280.19,277.02,278,937.83,261034.57,278.34
277.9,280,276.57,280,1970.71,548783.1,278.47
279.67,281.56,279.36,279.74,565.7,158693.08,280.52
279.89,282.9,279.89,282.32,1055.93,297369.94,281.62
282.53,282.61,279.52,280.14,584.38,164123.38,280.85
280.14,284.6,280.14,283.3,2290.65,647889.51,282.84
283.41,285.8,282.84,284.48,2275.75,646404.4,284.04
284.01,284.6,280.26,280.43,1159.83,328510.98,283.24
280.43,284.26,280.43,282.84,799.03,225807,282.6
282.84,284.27,280.65,283.53,2205.04,622639.13,282.37
283.52,285.88,283.15,285.24,1918.47,546408.19,284.82
285.05,285.43,284.27,285,1283.58,365892.28,285.06
284.91,285.86,282.93,283.43,1086.67,309281.62,284.61
283.55,283.96,280.63,281.94,2299.16,647611.72,281.67
282.2,283.47,281.07,282.72,1870.17,528600.34,282.65
282.72,282.8,280.94,281.13,1293.55,364922.25,282.11
281.13,281.65,279.28,279.88,1214.3,340474.92,280.39
279.7,280.67,278.4,278.99,2006.64,560765.92,279.45
278.99,279.13,276.8,278,2045.98,568853.27,278.04
278,278.78,276.6,277.48,1856.89,515746.09,277.75
277.48,277.48,274.19,275.42,1683.04,464197.38,275.81
275.42,278.93,274.85,278.86,3846.04,1063461.3,276.51
278.86,280.43,278.46,278.71,2018.29,563735.25,279.31
279.25,279.97,278.88,279.63,1117.43,312292.88,279.47
279.94,279.97,277.56,278.09,476.44,132920.59,278.99
278.06,278.82,275.33,276.4,1364.15,378639.52,277.56
276.39,276.39,266.8,270.13,5380.82,1455069.67,270.42
270.09,270.14,260.41,262.19,3048.46,810770.23,265.96
262.19,264.33,261.01,262.95,1955.96,513286.97,262.42
262.95,265.88,261.45,264.99,1860.54,490150.99,263.45
265.02,268.95,264.15,265.49,2902.01,772202.51,266.09
265.46,265.86,261.93,265.05,2152.08,567619.04,263.75
265.05,266,264.5,265.86,988.38,262129.38,265.21
265.68,266.79,263.38,265.13,3329.37,882730.78,265.13
264.98,265.08,261.6,264.01,3702.62,974830.57,263.28
264.19,265.16,263.07,264.33,1677.05,442982.74,264.14
264.11,266.14,264.07,265.36,1403.73,371957.07,264.98
265.36,266.99,264.66,266.59,1764.57,469477.92,266.06
266.59,266.59,264.63,266.19,2247.67,596912.49,265.57
266.16,271.5,265.21,271.15,2978.14,796776.5,267.54
271.15,271.16,267.42,267.81,1860.4,501197.79,269.4
268.49,268.68,267.14,267.37,1791.6,479751.18,267.78
267.37,268.85,265.71,268.02,4120.23,1101678.93,267.38
268.02,270.41,267,267.73,1748.08,469968.88,268.85
267.53,267.88,264.62,265.23,2444.24,651171.54,266.41
265.21,265.23,262.32,262.62,2586.52,682065.71,263.7
263.22,265.98,263.18,265.67,3102.36,822312.84,265.06
265.54,265.98,264.48,264.48,2577.86,683937.94,265.31
264.74,264.82,262,263.82,2497.39,657339.95,263.21
263.6,266.17,263.59,265.35,2609.52,690910.88,264.77
265.35,266.99,265.01,266.97,1734.89,461505.6,266.02
266.99,266.99,265.4,265.4,1170.8,311999.05,266.48
265.57,266.5,264.97,266.02,642.33,170764.8,265.85
266.03,266.1,264.31,265.51,1212.59,321861.24,265.43
265.58,265.58,264.17,265.31,1801.71,477514.16,265.03
265.31,265.83,260.45,261.46,1829,480466.54,262.69
261.46,262.2,259.18,260.51,1065.62,277896.43,260.78
260.51,261.46,255,256.99,5205.02,1339869.54,257.42
257.19,259.45,256,257.47,1547.01,398558.29,257.63
256.95,257.47,254.01,256.11,1815.62,464235.19,255.69
256.11,259.12,256.02,259.12,1196.52,307998.29,257.41
259.12,259.12,255.7,256.3,1271.13,326824.2,257.11
256.28,258.13,254.63,257.41,3237.86,831379.26,256.77
257.41,258.37,255.54,256.47,2949.68,757861.35,256.93
256.66,256.99,254.63,255.33,1681.14,430434.03,256.04
255.34,256.36,254.86,255.74,1832.11,468364.34,255.64
255.73,255.73,252.26,254,3103.09,787573.69,253.8
254,254.23,221.11,224.8,9525.49,2305645.79,242.05
224,237.66,223.01,233.37,7626.63,1770804.06,232.19
233.37,236.47,231.03,231.69,4704.59,1098657.77,233.53
231.69,234.66,231.19,233.3,3841.29,895126.3,233.03
233.29,233.79,222.01,226.92,8122.57,1853094.55,228.14
226.4,234.63,226.4,234.03,2113.57,487177.23,230.5
234,236.66,228.88,235.19,6165.11,1436459.43,233
234.78,236.41,231.14,233.3,4122.52,964751.84,234.02
233.17,236.66,233.09,235.54,3411.12,802685.93,235.31
235.15,235.89,232.5,235.86,720.11,168819.78,234.44
235.9,236.66,233.97,234.77,2514.71,591611.49,235.26
234.28,234.99,231.77,233.02,3325.29,775808.3,233.31
233.01,234,231.77,233.49,3736.21,870713.45,233.05
233.5,235.2,231,232.47,2909.14,678533.22,233.24
232.47,233.61,228.68,228.68,3311.09,765157.33,231.09
228.7,230.02,223.94,225.79,4366.68,994817.51,227.82
225.8,232.91,223.01,231,5269.34,1194927.01,226.77
231,234.03,230.26,232.43,1418.92,329842.89,232.46
232.28,232.66,229.07,230.7,3663.38,844191.55,230.44
230.63,232.78,225.85,228.15,4567.19,1045997.46,229.02
228.2,229.51,227.03,228.89,3192.98,728476.17,228.15
228.35,228.99,222.26,223.67,2700.84,609431.16,225.65
224.38,224.38,220.08,221.53,7871.7,1748284.94,222.1
221.53,222.5,207.73,211.48,12501.12,2712164.09,216.95
211.48,219.04,209,209.72,14449.42,3084820.01,213.49
209.76,214.45,198.12,210.73,13934.92,2882462.24,206.85
210.74,216.04,206.9,213.37,8980.32,1905728.28,212.21
213.27,224.66,211.44,222.85,8765.12,1923215.62,219.42
222.85,228.04,218.6,222.38,10627.66,2379918.36,223.94
222.38,226.14,219.77,223.06,2343.49,523002.73,223.17
223.36,228.27,221.85,226.04,9581.91,2151817.33,224.57
226.04,231.09,226.04,229.2,9158.17,2096064.93,228.87
229.19,230.5,224.48,225.8,2924.02,664072.39,227.11
225.8,227.27,223.17,225,2150.08,484711.29,225.44
225.04,227.52,224.15,226.29,3462.56,780559.65,225.43
226.68,228.8,225.1,228.8,4931.5,1118282.14,226.76
228.51,228.89,223.74,225.09,3822.13,866358.95,226.67
225.09,225.6,220.29,223.83,3764.38,838994.81,222.88
223.96,227.92,223.95,226.2,5495.62,1246125.16,226.75
226.2,235.93,225.47,234.96,8207.99,1891147.72,230.4
234.98,235.29,231.23,231.65,5432.19,1265675.93,233
231.76,233.9,230.65,231.8,2877.97,668962.87,232.44
231.8,232.66,228.58,231.22,4437.8,1025670.62,231.12
231.17,231.18,226.67,229.14,4944.01,1132767.17,229.12
229.13,230.54,227.11,230.54,3230.78,738216.93,228.5
230.41,232.75,229.11,229.32,1167.15,269671.57,231.05
229.32,230.82,227.12,229.3,5184.82,1186184.68,228.78
229.37,230.57,225.04,226.39,6638.38,1510546.33,227.55
226.38,229,225.79,229,2496.01,566592.72,227
229.04,229.5,226.17,227.33,1978.21,450371.17,227.67
228.23,230.2,224.39,229.83,5706.43,1299511.73,227.73
229.75,231.38,227.73,231.16,6437.97,1478764.96,229.69
231.15,232.49,229.83,229.86,1680.91,388154.27,230.92
230.25,231.67,228.01,228.48,3439.68,790716.61,229.88
228.06,230.54,226.17,228.01,9207.75,2098962.32,227.96
228.15,229.17,226.17,228.47,8839.73,2014767.77,227.92
228.47,228.99,226.51,227.96,2438.03,555591.44,227.89
227.97,228.56,226,227.86,2693.4,611238.36,226.94
227.88,229,226.81,229,3063.29,698805.57,228.12
229,230.77,227,230.76,11260.47,2576689.96,228.83
230.75,230.76,228.29,229.18,4453.6,1022526.85,229.6
228.95,229.96,226.6,227.25,2817.06,644952.54,228.94
227.07,228.64,226.5,227.44,6577.84,1496799.79,227.55
227.4,228.3,226.65,227.44,7992.21,1818581.42,227.54
227.44,227.82,226.52,227.28,2352.52,534315.01,227.12
227.24,228.8,226.33,228.8,4447.44,1012354.64,227.63
228.8,230.69,228.01,229.58,7020.53,1610252.82,229.36
229.58,230.99,228.41,230.82,6511.23,1497325.93,229.96
230.75,231.4,229.4,230.52,2890.81,666591.5,230.59
230.72,230.72,229.4,229.67,649.55,149512.55,230.18
229.67,231.5,229.23,230.86,4533,1044687.68,230.46
231,237.22,230.84,234.98,11131.49,2608634.55,234.35
234.98,236.81,233.87,235.6,3789.01,889869.53,234.86
235.39,242.07,235.02,241.74,6419.79,1540421.03,239.95
241.74,241.91,237.73,240.1,5733.38,1376640.55,240.11
240.14,244.2,239.49,240.07,6236.36,1504809.43,241.3
240.07,241.97,239.11,240.28,7369.36,1771058.55,240.33
240.28,241.99,238.44,239.69,5175.88,1242002.17,239.96
239.89,241.33,238.72,240.24,5596.93,1344147.55,240.16
240.8,242.91,239.76,240.5,8135.92,1960879.84,241.02
240.5,241.59,239.47,240.19,4243.31,1020078.4,240.4
240.07,243.93,239.98,243.32,2247.54,544528.56,242.28
243.37,246.24,242.56,243.57,8082.47,1976083.75,244.49
244.1,245.92,241.41,243.1,11530.79,2806734.08,243.41
243.18,244.55,242.55,244.21,2163.07,527150.47,243.7
244.04,244.22,242.25,242.99,2965.7,720550.13,242.96
243.17,243.26,237.01,239.25,9086.14,2177039.66,239.6
239.25,240.98,237.85,240.81,7162.22,1714212.49,239.34
240.81,240.91,237.35,238.35,4037.81,967457.14,239.6
238.35,239.24,235.71,237.36,2275.65,541338.1,237.88
236.86,239.06,234.78,238.78,5619.78,1335688.91,237.68
238.77,241.65,238.43,239.72,10502.73,2523918.97,240.31
239.69,239.78,237.1,238.66,2296.76,548222,238.69
238.57,240.94,238.57,240.1,1618.38,388971.27,240.35
240.13,240.92,239.14,240.62,2329.92,560323.38,240.49
240.48,240.9,237.5,239.55,7016.39,1679640.23,239.39
239.74,240.09,238.66,240,2840.49,680071.99,239.42
239.92,240,238.46,239.04,5806.3,1389240.93,239.26
238.51,239.76,238.18,239.52,985.62,235647.02,239.08
239.51,239.55,233.5,234.92,7183.45,1703040.36,237.08
234.93,236.22,233.02,234.79,3473.75,815829.35,234.86
234.79,236.09,233.36,234.62,4190.86,984710.44,234.97
234.61,234.97,231.22,232.18,2153.74,502926.43,233.51
232.3,232.98,228,230,4427.77,1021142.25,230.62
230.01,231.29,228.02,229.66,8882.75,2037228.6,229.35
229.66,231.35,223.99,228.55,3079.99,701958.79,227.91
229.05,230.32,225.14,228.5,4152.36,946580.13,227.96
228.5,232.92,227.5,230.85,5840.47,1348077.8,230.82
231.28,231.66,229.36,229.71,3602.04,831278.97,230.78
229.84,231.21,229.31,230.57,5710.86,1315393.56,230.33
230.57,231,226.5,229.33,5061.85,1161789.65,229.52
229.31,230.77,228.09,230,4956.93,1139259.81,229.83
230.08,230.17,228.91,230.03,1568.97,360236.54,229.6
229.99,230.5,229.39,230.4,1399.48,322109.47,230.16
230.4,230.42,223,226.08,8371.14,1902442.58,227.26
226.65,228.87,225.61,227.94,5973.14,1359537.19,227.61
227.82,228.34,226.58,228.34,2425.71,551766.47,227.47
228.34,230.25,227.54,228.99,1838,420914.88,229.01
228.99,229.32,227,228.82,3357.31,765288.63,227.95
228.83,235,228.83,234.27,5238.73,1211864.46,231.33
234.27,234.34,232.17,232.17,4211.7,981966.39,233.15
232.2,234.4,232.01,233.98,7792.03,1817354.62,233.23
233.53,234.39,230.83,230.83,2807.83,654743.22,233.19
230.93,234.29,230.93,232.97,4577.66,1065353.05,232.73
232.69,233.91,231.96,233.12,4281.39,997631.55,233.02
233.24,233.76,231.5,231.69,4204.29,976930.18,232.36
231.7,232.83,231.26,231.78,2234.09,518587.05,232.12
231.9,231.96,230.01,231.06,3702.45,854877.38,230.89
231.06,231.29,229.89,230,1089.92,251218.18,230.49
230,231.36,229.3,230.1,6467.6,1489366.86,230.28
230.62,231.46,229.6,230.85,2019.57,465885.76,230.69
230.8,231.7,229.48,231.29,3740.93,862644.94,230.6
231.29,231.68,229,230.16,1173.04,269590.99,229.82
230.1,230.15,226,227.11,2160.48,492636.62,228.02
227.11,227.74,225,226.61,2675.44,604962.41,226.12
226.93,228.19,226.1,227.43,6321.43,1437115.69,227.34
227.53,227.71,225,226.15,2923.96,662242.52,226.49
226.15,228.17,224.17,225.43,6178.92,1400182.71,226.61
225.43,231.96,223.12,230.6,4157.41,945017.93,227.31
230.6,231.31,228.51,229.17,5961.85,1370478.42,229.87
229.2,230.76,228.56,230.42,3034.7,697060.01,229.7
230.08,231.5,229.36,230.81,999.83,230644.83,230.68
230.98,230.99,228.13,229.4,3708.92,851628.55,229.62
229.4,231.31,228.7,229.95,3218.6,741154.2,230.27
229.95,231.46,228,229.42,5658.73,1302606.11,230.19
229.42,232,228.89,231.17,8467.02,1948623.61,230.14
231.5,232.98,229.2,230.97,5117.04,1181668.66,230.93
230.96,235.45,230.29,233.76,6893.96,1605958.89,232.95
233.76,235.52,232,233.86,3724.71,872294.86,234.19
233.88,235.55,232.56,234,8573.42,2007723.32,234.18
234.88,237.15,234.02,236.76,7808.02,1841671.4,235.87
236.99,237.25,235.03,235.91,4055.6,957848.28,236.18
235.71,236.23,234,235.22,2118.4,497569.2,234.88
235.14,235.67,233.19,233.52,987.4,231449.94,234.4
234,235.3,233.05,234.11,2359.48,551767.6,233.85
234.3,235.46,233,233.79,9948.13,2332547.08,234.47
233.77,234.98,233.13,233.81,1814.4,424945.89,234.21
233.81,234.35,233.32,233.94,308.52,72137.93,233.82
233.67,234.61,232.2,232.81,3735.09,870432.15,233.04
232.93,233.3,231.91,232.06,4343.04,1010337.83,232.63
232.85,233.17,231.16,232.41,9119.8,2118312.26,232.28
232.4,237.5,231.69,236.93,3006.2,705593.37,234.71
236.39,238.73,235.83,237.45,5042.55,1196009.42,237.18
237.44,239.68,236.5,238.91,5369.57,1279883.81,238.36
238.91,239.15,236.91,239.14,4148.51,988228.36,238.21
239.14,240.56,236.68,239.48,6021.35,1434422.56,238.22
239.42,239.9,236,236.59,5527.06,1312459.9,237.46
236.57,238.37,235.09,238.06,5313.21,1261224.56,237.38
238.06,238.17,236.32,236.94,3015.83,715377.67,237.21
236.78,238.27,236.33,237.49,4422.62,1049972.08,237.41
237.49,237.57,234.67,235.26,9316.7,2195354.46,235.64
235.48,237.85,234.74,237.84,5321.64,1258334.47,236.46
237.4,237.95,235.43,236.2,1873.89,443722.28,236.79
235.87,237.5,235.58,236.85,1186.77,280795.65,236.6
237.16,237.22,235.01,236.06,5742.85,1354849.09,235.92
236.56,239.29,235.63,238.65,6857.17,1625516.07,237.05
238.67,239.44,237,237.15,6554.21,1562019.39,238.32
238,238.73,237.23,238.32,3536.46,842142.56,238.13
238.32,239.06,235,236.44,6604.53,1567661.49,237.36
236.44,238,236.12,237.38,5056.21,1200064.74,237.34
237.44,237.8,236.61,237.77,1710.84,406124.55,237.38
237.77,238.89,236.3,237.28,11142.98,2652914.44,238.08
237.28,239,236.95,237.8,2865.74,682192.33,238.05
237.77,239.69,237.77,238.99,2566.91,613831.21,239.13
239.5,239.86,238.31,238.95,1249.98,298925.46,239.14
239.06,239.98,238.45,239.64,4859.52,1162628.45,239.25
238.92,239.6,238.12,238.61,2429.84,580161.33,238.76
238.48,239.47,238.23,239.46,4503.46,1075366.73,238.79
238.66,239.5,237.62,238.6,3222.24,769223.27,238.72
238.6,239.32,237.8,238.38,2816.22,671265.51,238.36
238.76,238.98,236.1,238.11,8696.29,2063073.11,237.24
237.43,239.73,237.3,239.25,4562.85,1088431.64,238.54
239.25,240.85,238.84,240.84,4241.15,1017385.75,239.88
240.85,241.89,239.52,241,7336.03,1767555.47,240.94
240.99,241.36,240.13,240.51,3978.53,958265.49,240.86
240.51,248.19,240.51,246.73,13474.88,3292777.83,244.36
246.3,247,245.18,246.57,1894.81,466693.45,246.3
246.79,247.65,245.3,246,4393.97,1083320.35,246.55
246.14,246.19,242.3,244.54,4062.3,992541.17,244.33
244.13,245.94,243.5,245.16,11709.18,2867934.45,244.93
245.22,245.55,242.32,243.2,3602.76,879856.64,244.22
243.47,244.29,243.04,243.39,2060.29,502597.17,243.95
243.39,244.24,242.06,244.09,4059.26,987348.34,243.23
243.92,244.6,243.21,244.37,4920.23,1200162.87,243.92
244.02,244.76,242.81,242.9,2943.97,717552.96,243.74
243.29,244.54,242.16,244.17,7035.39,1709467.02,242.98
244.29,244.42,242.34,243.89,2353.06,572910.64,243.47
243.7,244.88,243.32,244.8,3174.04,775192.2,244.23
244.78,244.95,243.73,244.48,1537.43,375741.82,244.4
244.49,246.43,244.06,244.82,12197.07,2989026.66,245.06
244.75,245.39,243,244.01,2057.12,501340.24,243.71
243.9,245.8,243.43,245.8,2106.17,515201.07,244.61
245.22,246,245.02,245.71,952.78,233872.76,245.46
245.71,246.37,244.53,245.25,2220.11,544528.11,245.27
244.99,245.55,244.67,245.27,1223.95,300040.9,245.14
245.27,248.33,244.79,248.12,3571.55,881676.87,246.86
248.1,248.5,247.01,248.05,12124.75,3004990.41,247.84
248.05,248.47,246.7,247.39,2074.83,513600.98,247.54
247.39,248,246.78,247.36,2374.98,587625.02,247.42
247.6,247.6,245.01,246.17,3436.4,846737.63,246.4
246.5,247,245.33,245.81,2785.5,685749.84,246.19
245.81,245.81,242.82,245.03,13594.2,3322161.68,244.38
244.38,249.45,244.36,249.42,4833.22,1193400.28,246.92
249.39,250.89,248.01,249.72,5217.78,1302256.93,249.58
249.11,250.39,248.3,249.73,2256.41,562675.95,249.37
249.97,250.85,248.29,249.97,12684.93,3164409.22,249.46
249.39,250.99,248.06,249.94,3500.5,873377.8,249.5
249.93,254.99,249.42,254.6,7852.12,1978190.37,251.93
254.89,255.93,252.25,252.47,2905.32,737559.93,253.87
252.47,256.46,252.27,254,10661.17,2720288.57,255.16
254,255.17,250.3,254.63,2932.33,741437.27,252.85
254.63,256.5,253.49,254.29,6395.04,1631584.91,255.13
254.98,255.48,253.51,254.49,2049.09,521533.07,254.52
254.49,256.32,253.69,255.09,4560.68,1163202.29,255.05
255.83,259.9,254.78,259.57,5571.65,1434968.26,257.55
259.53,267,259,263.65,12573.82,3313008.34,263.48
263.75,265.98,259.31,263.09,12110.6,3176288.03,262.27
263.09,270.4,262.1,268.31,5948.35,1588473.93,267.04
268.59,271.67,266,269.53,5743.28,1549045.28,269.71
269.49,273,269.13,270.77,6280.43,1706003.11,271.64
271.36,271.55,260.8,270.07,7356.1,1958339.17,266.22
270.04,271.17,266.44,268,1158.86,311940.26,269.18
268,269.63,265.11,266.31,2678.23,717143.06,267.77
266.75,266.75,260,260.26,3620.12,949496.55,262.28
260.22,263.56,260.1,261.05,2545.92,666371.72,261.74
260.99,264.21,259.99,260.64,5406.45,1412995.13,261.35
260.64,263.37,259.82,263.14,4465.88,1167504.49,261.43
263.36,266.01,260.05,264.16,3766.61,992778.12,263.57
263.35,264.59,263.28,263.66,3065.76,808422.53,263.69
264.28,265.58,262.67,264.21,12055.33,3189197.09,264.55
263.68,267.92,263.43,266.45,6212.9,1651497.74,265.82
266.49,269.76,265.51,269.36,4644.31,1244828.75,268.03
269.37,272.95,267.51,270.64,6054.9,1635669.18,270.14
270.3,272.69,269.4,271,9089.27,2459941.56,270.64
271,271,264,266.22,5676.01,1514259.67,266.78
266.46,269.72,264.02,268.64,4359.36,1163924.19,266.99
268.29,269.2,267.26,267.89,1272.14,341546.97,268.48
267.9,268,267.75,268,15.17,4064.33,267.9